2;MAS;56;16;70072
3;MAS;25;15;55117
4;MAS;45;7;02460
5;MAS;25;20;55455
7;MAS;35;1;06810
8;MAS;25;12;11413
9;MAS;25;17;61614
12;MAS;25;12;32793
13;MAS;45;1;93304
14;MAS;35;0;60126
15;MAS;25;7;22903
17;MAS;50;1;95350
19;MAS;1;10;48073
20;MAS;25;14;55113
21;MAS;18;16;99353
22;MAS;18;15;53706
23;MAS;35;0;90049
25;MAS;18;4;01609
26;MAS;25;7;23112
27;MAS;25;11;19130
29;MAS;35;7;33407
31;MAS;56;7;06840
33;MAS;45;3;55421
35;MAS;45;1;02482
36;MAS;25;3;94123
39;MAS;18;4;61820
40;MAS;45;0;10543
42;MAS;25;8;24502
43;MAS;25;12;60614
44;MAS;45;17;98052
46;MAS;18;19;75602
47;MAS;18;4;94305
48;MAS;25;4;92107
49;MAS;18;12;77084
52;MAS;18;4;72212
53;MAS;25;0;96931
54;MAS;50;1;56723
56;MAS;35;20;60440
57;MAS;18;19;30350
58;MAS;25;2;30303
60;MAS;50;1;72118
61;MAS;25;17;95122
63;MAS;18;4;54902
64;MAS;18;1;53706
65;MAS;35;12;55803
66;MAS;25;18;57706
68;MAS;18;4;53706
70;MAS;18;4;53703
71;MAS;25;14;95008
73;MAS;18;4;53706
74;MAS;35;14;94530
76;MAS;35;7;55413
77;MAS;18;4;15321
80;MAS;56;1;49327
82;MAS;25;17;48380
84;MAS;18;4;53140
85;MAS;18;4;94945
87;MAS;25;14;48360
90;MAS;56;13;85749
91;MAS;35;7;07650
93;MAS;25;17;95825
94;MAS;25;17;28601
95;MAS;45;0;98201
100;MAS;35;17;95401
102;MAS;35;19;20871
103;MAS;45;7;92104
104;MAS;25;12;00926
105;MAS;45;12;90277
107;MAS;45;18;63129
108;MAS;25;12;30316
109;MAS;45;15;92028
110;MAS;25;2;90803
111;MAS;35;15;55416
112;MAS;25;16;97209
113;MAS;18;12;37032
115;MAS;25;17;28083
116;MAS;25;17;55744
117;MAS;25;17;33314
118;MAS;35;17;22315
120;MAS;25;11;27106
121;MAS;35;7;75229
123;MAS;35;9;67208
124;MAS;56;7;91356
125;MAS;45;14;01701
126;MAS;18;9;98117
128;MAS;56;6;37922
129;MAS;25;11;20164
130;MAS;35;17;50021
131;MAS;18;4;06520
132;MAS;25;17;99709
134;MAS;25;0;66212
135;MAS;18;4;20006
136;MAS;18;2;21202
138;MAS;18;20;22203
141;MAS;35;13;62035
142;MAS;25;7;10011
143;MAS;18;3;64043
144;MAS;25;17;29401
145;MAS;18;4;19081
147;MAS;18;4;91360
148;MAS;50;17;57747
149;MAS;25;1;29205
150;MAS;35;7;98144
152;MAS;18;4;48104
153;MAS;1;10;51537
154;MAS;50;20;94530
155;MAS;35;12;07470
157;MAS;35;16;12866
158;MAS;56;7;28754
160;MAS;35;7;13021
161;MAS;45;16;98107-2117
163;MAS;18;4;85013
165;MAS;18;16;98502
166;MAS;18;4;92802
169;MAS;25;7;55439
170;MAS;25;11;07002
172;MAS;25;3;07661
173;MAS;25;0;45237
174;MAS;25;16;21203
177;MAS;50;1;54016
178;MAS;56;17;53705
179;MAS;25;0;02135
180;MAS;45;12;01603
181;MAS;18;17;33186
182;MAS;18;4;03052
185;MAS;45;0;14468
186;MAS;18;5;91767
188;MAS;56;16;79930
189;MAS;18;0;60076
190;MAS;25;17;55125
191;MAS;18;4;04915
192;MAS;18;1;10977
195;MAS;25;12;10458
197;MAS;18;14;10023
198;MAS;25;12;55108
199;MAS;18;4;83706
202;MAS;18;4;53706
204;MAS;25;7;92123
205;MAS;35;12;97333
206;MAS;25;17;20194
207;MAS;25;12;94115
208;MAS;35;17;55432
209;MAS;35;1;90048
211;MAS;45;17;90620
212;MAS;25;16;53714
214;MAS;18;20;80218
215;MAS;35;14;92075
216;MAS;45;13;52761
217;MAS;18;4;22903
218;MAS;35;14;95822
220;MAS;25;12;22903
222;MAS;25;1;55116
223;MAS;25;17;28262
225;MAS;25;7;11215
226;MAS;35;1;94518
227;MAS;35;20;90291
228;MAS;25;15;55455
229;MAS;18;10;04576
230;MAS;45;1;43210
231;MAS;25;3;55455
232;MAS;25;20;55408
234;MAS;35;7;39652
235;MAS;25;0;98153
236;MAS;25;5;55126
237;MAS;25;6;46835
239;MAS;18;19;94618
240;MAS;50;17;55113
241;MAS;35;20;55121
243;MAS;25;16;11576
244;MAS;50;7;19072
245;MAS;35;16;66046
247;MAS;25;17;94404
248;MAS;18;17;72703
250;MAS;35;16;11229
251;MAS;56;17;55105
252;MAS;25;12;94112
254;MAS;35;17;49015
255;MAS;35;0;85310
256;MAS;45;16;55076
257;MAS;18;18;55113
258;MAS;25;7;55436
259;MAS;25;1;60615
260;MAS;18;19;98126
261;MAS;25;20;75801
264;MAS;35;0;20755
266;MAS;35;11;75229
267;MAS;45;12;55001
269;MAS;25;2;55408
270;MAS;50;14;55414
271;MAS;18;4;48202
272;MAS;18;0;80302
273;MAS;18;4;55427
274;MAS;18;4;55455
275;MAS;25;0;48162
276;MAS;45;16;01982
278;MAS;45;18;60482
279;MAS;25;14;91214
280;MAS;50;7;19118
282;MAS;25;17;94401
283;MAS;25;0;10003
284;MAS;25;12;91910
286;MAS;25;1;54601
287;MAS;50;13;94706
291;MAS;35;12;55110
292;MAS;35;7;19406
293;MAS;56;1;55337-4056
295;MAS;18;0;80203
296;MAS;50;5;89432
297;MAS;18;2;97211
299;MAS;25;12;97370
300;MAS;25;7;78664
301;MAS;18;4;61820
302;MAS;18;4;04901
303;MAS;25;7;20006
304;MAS;25;0;55414
306;MAS;18;0;53051
307;MAS;50;16;90027
308;MAS;25;2;10025
309;MAS;25;4;16801
311;MAS;18;4;31201
316;MAS;56;13;90740
317;MAS;35;7;38555
320;MAS;35;6;99516
321;MAS;18;4;55128
322;MAS;56;17;55117
323;MAS;45;12;53716
324;MAS;35;17;55106
326;MAS;50;11;25302
327;MAS;35;18;55448
328;MAS;35;12;80401
329;MAS;35;7;02115
330;MAS;56;7;92065
331;MAS;25;7;55902
332;MAS;50;1;55109
333;MAS;35;2;55410
335;MAS;35;18;55434
336;MAS;18;0;98765
337;MAS;18;19;80205
338;MAS;35;7;55116
339;MAS;50;7;80207
342;MAS;18;12;55076
344;MAS;35;14;75034
345;MAS;25;12;94114
348;MAS;50;7;55110
349;MAS;1;10;08035
350;MAS;45;20;08035
351;MAS;18;4;55105
352;MAS;18;4;60115
354;MAS;35;1;55117
355;MAS;18;3;55107
356;MAS;56;20;55101
357;MAS;18;0;98103
359;MAS;25;17;55128
360;MAS;35;17;28208
362;MAS;35;20;55407
363;MAS;18;10;55419
366;MAS;50;15;55126
367;MAS;50;12;55421
368;MAS;25;0;90293
369;MAS;35;1;55110
370;MAS;18;17;22304
371;MAS;18;4;02141
375;MAS;25;2;55106
376;MAS;35;1;80026
377;MAS;25;17;55418
380;MAS;25;2;92024
381;MAS;35;17;89015
384;MAS;25;11;55075
385;MAS;25;6;68131
386;MAS;25;0;55408
389;MAS;25;6;68128
390;MAS;25;4;55405
391;MAS;45;11;22122
392;MAS;18;7;20037
393;MAS;35;17;55402
394;MAS;18;0;55013
395;MAS;18;5;55104
396;MAS;25;1;56187
397;MAS;35;17;22124
398;MAS;25;17;55454
401;MAS;18;0;55129
402;MAS;25;11;55427
403;MAS;18;4;02138
404;MAS;18;4;10128
405;MAS;56;1;13077
406;MAS;25;20;55105
407;MAS;18;17;89503
408;MAS;25;11;02143
409;MAS;18;12;55122
412;MAS;35;15;55117
413;MAS;25;11;55409
414;MAS;25;0;55317
416;MAS;45;14;55076
419;MAS;18;3;55422
420;MAS;35;1;55406
422;MAS;56;17;55104
423;MAS;18;4;55455
424;MAS;25;17;55112
425;MAS;25;12;55303
426;MAS;18;4;55455
427;MAS;35;12;55104
429;MAS;18;0;54901
431;MAS;18;10;55303
432;MAS;45;16;55306
433;MAS;50;6;55115
435;MAS;25;7;55125
436;MAS;18;4;43023
437;MAS;35;17;55030
438;MAS;18;11;53705
439;MAS;35;14;55129
440;MAS;56;1;32940
441;MAS;35;1;55127
442;MAS;25;1;55105
443;MAS;25;3;55421
444;MAS;56;0;55108
445;MAS;45;12;55117
448;MAS;25;17;80123
449;MAS;25;7;85037
450;MAS;45;1;24523
451;MAS;56;13;54720
452;MAS;50;17;55117
453;MAS;18;4;55102
454;MAS;25;20;55092
456;MAS;35;0;55105
457;MAS;18;4;54703
458;MAS;50;16;55405-2546
460;MAS;45;18;55313
461;MAS;50;7;55075
462;MAS;18;16;55416
463;MAS;25;7;55105
465;MAS;18;19;94523
466;MAS;25;5;55405
469;MAS;35;6;55122
471;MAS;35;7;08904
472;MAS;35;0;55418
474;MAS;25;17;92126
476;MAS;35;0;55127
477;MAS;35;14;55410
478;MAS;50;16;55113
479;MAS;25;12;55042
481;MAS;45;7;55115
482;MAS;25;14;55305
483;MAS;18;12;55105
485;MAS;56;7;55042
486;MAS;56;0;91367
488;MAS;25;12;55107
489;MAS;18;4;55455
490;MAS;1;10;55345
491;MAS;18;4;56043
492;MAS;25;12;55112
493;MAS;50;7;55016
495;MAS;18;10;55421
496;MAS;18;4;55455
498;MAS;35;17;55113
501;MAS;25;2;55372
502;MAS;35;6;55126
503;MAS;35;11;73120
504;MAS;25;2;17003
505;MAS;35;17;37815
506;MAS;25;16;55103-1006
508;MAS;25;12;55418
509;MAS;25;2;55125
510;MAS;18;12;55109
512;MAS;35;0;55379
513;MAS;25;0;55119
514;MAS;25;2;55113
515;MAS;25;1;55406
521;MAS;56;7;55105
522;MAS;25;12;55124
523;MAS;50;7;55105
524;MAS;18;0;91320
525;MAS;35;6;19027
526;MAS;45;17;94806
529;MAS;35;12;92009
530;MAS;25;2;10019
532;MAS;25;7;94301
533;MAS;25;12;27514
534;MAS;25;15;55902
535;MAS;35;6;95370
536;MAS;25;20;01267
537;MAS;45;14;07704
538;MAS;56;16;95407
539;MAS;25;2;55103
540;MAS;18;1;15213
542;MAS;18;4;78705
543;MAS;25;5;55057
544;MAS;35;12;94538
545;MAS;35;17;01890
547;MAS;35;12;76109
549;MAS;25;6;53217
550;MAS;45;8;21559
551;MAS;35;20;55116
552;MAS;50;18;23456
553;MAS;25;2;94131
554;MAS;25;12;94086
555;MAS;18;4;53213
557;MAS;56;1;30030
558;MAS;35;20;55108
560;MAS;45;15;81335
562;MAS;35;20;48083
563;MAS;25;4;53703
564;MAS;45;1;49419
565;MAS;25;16;45242
566;MAS;25;17;92122
567;MAS;35;20;52570-9634
570;MAS;25;4;33314
571;MAS;50;5;95401
572;MAS;18;4;61801
574;MAS;25;19;90214
575;MAS;25;12;92130
577;MAS;35;0;02115
578;MAS;18;17;90064
579;MAS;25;5;32839
580;MAS;1;10;08534
581;MAS;50;14;73543
582;MAS;18;4;67042
585;MAS;18;1;53703
586;MAS;35;14;53092
587;MAS;25;20;92649
589;MAS;18;2;90210
591;MAS;25;0;76201
592;MAS;18;0;92103
595;MAS;25;7;10019
597;MAS;35;12;80206
598;MAS;35;7;95476
599;MAS;50;6;53711
600;MAS;35;17;66209
604;MAS;45;17;32256
607;MAS;25;0;43614
608;MAS;18;4;18011
609;MAS;25;7;10012
610;MAS;25;4;77025
611;MAS;35;0;20715
612;MAS;50;7;95020
613;MAS;35;20;10562
614;MAS;35;1;90024
615;MAS;50;17;32951
616;MAS;25;7;94115
618;MAS;25;0;74105
620;MAS;18;0;13210
621;MAS;18;4;93560
622;MAS;25;0;92612
623;MAS;25;17;60555
624;MAS;25;1;75207
626;MAS;18;4;77005
627;MAS;50;2;97210
631;MAS;35;17;28601
632;MAS;45;17;07649
633;MAS;25;17;94131
635;MAS;56;17;33785
636;MAS;18;20;92055
637;MAS;35;12;97132
638;MAS;25;6;77584
639;MAS;45;17;85202
640;MAS;18;4;47406
643;MAS;25;2;23188
644;MAS;25;20;93704
645;MAS;35;20;11215
646;MAS;35;7;08505
647;MAS;35;12;85224
649;MAS;25;4;80526
650;MAS;25;17;49445
651;MAS;35;7;20895
652;MAS;18;20;12222
653;MAS;56;13;92660
654;MAS;50;7;75023
660;MAS;45;16;70507
661;MAS;45;1;13114
662;MAS;18;4;99163
664;MAS;35;18;74601
665;MAS;18;2;13317
667;MAS;25;18;98438
669;MAS;25;17;30307
670;MAS;25;12;30303
671;MAS;18;4;61761
672;MAS;35;7;46845
673;MAS;25;20;10023
674;MAS;25;17;22042
675;MAS;25;20;02048
676;MAS;18;16;55129
677;MAS;50;2;94122
678;MAS;25;0;34952
679;MAS;35;16;29681
680;MAS;25;12;37013
681;MAS;35;7;30501
682;MAS;25;4;27510
683;MAS;25;4;27514
684;MAS;25;4;27510
685;MAS;25;4;27514
686;MAS;18;4;27514
688;MAS;56;13;13407
690;MAS;25;12;90717
691;MAS;35;11;96813
693;MAS;35;12;98103
694;MAS;18;4;76401
696;MAS;25;12;94114
698;MAS;18;4;76401
699;MAS;18;0;73505
700;MAS;50;17;14650
702;MAS;35;7;90808
705;MAS;25;4;48065
706;MAS;35;20;78664
707;MAS;35;7;17740
708;MAS;25;0;37042
709;MAS;18;0;92647
710;MAS;25;20;85207
711;MAS;25;18;80521
712;MAS;25;0;95136
713;MAS;35;7;79912
714;MAS;18;4;76013
715;MAS;18;0;53715
716;MAS;18;4;98188
717;MAS;25;11;90211
718;MAS;18;2;90211
719;MAS;1;0;75070
720;MAS;18;0;55129
722;MAS;25;12;55106
723;MAS;25;12;98027
724;MAS;50;13;90266
725;MAS;56;11;08904
727;MAS;35;11;94061
728;MAS;25;6;11598
729;MAS;35;12;85284
730;MAS;25;0;10580
731;MAS;45;3;55410
732;MAS;25;7;07030
733;MAS;35;16;30034
734;MAS;25;7;90078
735;MAS;25;14;04240
736;MAS;18;12;07070
737;MAS;1;19;53711
738;MAS;18;17;99205
739;MAS;35;12;55803
740;MAS;25;14;24551
741;MAS;25;5;44095
742;MAS;18;0;54758
744;MAS;25;17;77007
745;MAS;1;10;90004
747;MAS;18;4;98606
748;MAS;25;0;60098
749;MAS;35;18;56303
753;MAS;1;10;42754
754;MAS;35;7;38024
756;MAS;35;0;90064
757;MAS;25;12;97401
758;MAS;35;7;19518
760;MAS;56;15;94114
761;MAS;18;7;99945
762;MAS;1;10;63041
763;MAS;18;10;02882
764;MAS;18;20;85296
765;MAS;25;17;74467
767;MAS;25;12;45241
768;MAS;25;12;17067
769;MAS;45;17;02421
770;MAS;18;4;98499
772;MAS;18;12;89118
773;MAS;25;6;48108
774;MAS;18;4;22903
775;MAS;1;17;56258
777;MAS;18;19;87543
778;MAS;18;17;32694
779;MAS;25;0;60156
780;MAS;25;17;91776
781;MAS;18;4;95076
782;MAS;56;1;28223
783;MAS;25;4;53703
784;MAS;18;0;11040
785;MAS;18;19;29307
786;MAS;25;0;55987
787;MAS;18;4;77802
788;MAS;25;0;37601
789;MAS;18;1;67212
790;MAS;25;17;45694
791;MAS;35;7;27511
792;MAS;25;17;01002
794;MAS;50;20;10543
796;MAS;50;6;98237
802;MAS;25;16;22801
803;MAS;18;4;67217
804;MAS;25;20;90032
805;MAS;35;12;37211
806;MAS;35;0;34990
807;MAS;18;4;89015
808;MAS;25;7;85226
809;MAS;25;17;70508
810;MAS;25;12;98006
811;MAS;50;0;94043
812;MAS;25;6;37930
813;MAS;18;4;70002
815;MAS;25;4;37130
816;MAS;45;0;92108
817;MAS;18;4;41076
818;MAS;18;4;60107
819;MAS;35;7;60611
820;MAS;35;7;78759
821;MAS;18;2;14456
823;MAS;25;0;92078
824;MAS;35;12;94530
825;MAS;56;1;39532
827;MAS;45;2;55409
828;MAS;18;4;70817
829;MAS;1;19;53711
830;MAS;35;7;60657
832;MAS;18;2;19464
833;MAS;35;7;46825
835;MAS;56;0;94952
836;MAS;25;11;10023
837;MAS;56;7;08540
838;MAS;50;17;92661
839;MAS;25;0;98103
843;MAS;25;7;49321
844;MAS;25;0;92121
846;MAS;25;5;80209
848;MAS;25;15;94121
849;MAS;25;3;75006
850;MAS;35;0;60640
851;MAS;18;4;75287
852;MAS;25;5;92105
853;MAS;25;17;55447
857;MAS;35;17;11701
858;MAS;35;14;10013
859;MAS;25;12;10128
860;MAS;18;0;78237
861;MAS;25;7;37027
862;MAS;35;7;10019
863;MAS;25;7;62522
865;MAS;35;1;91711
866;MAS;1;10;08820
867;MAS;45;12;95814
868;MAS;50;17;01702-7224
869;MAS;18;20;92026
871;MAS;1;10;76013
872;MAS;50;1;20815
873;MAS;56;6;19027
874;MAS;45;15;26105
875;MAS;1;10;94707
876;MAS;25;4;43202
877;MAS;25;0;90631
878;MAS;18;2;01720
879;MAS;45;16;92018
880;MAS;35;17;94114
881;MAS;18;14;76401
882;MAS;18;2;01720
884;MAS;1;10;49454
885;MAS;35;0;48105
889;MAS;45;20;10024
890;MAS;18;4;92153
891;MAS;25;1;80202
892;MAS;35;0;76031
894;MAS;18;4;31602
895;MAS;50;1;34683
896;MAS;18;15;94015
897;MAS;25;6;92130
898;MAS;25;7;77005
902;MAS;56;0;45432
903;MAS;56;13;75165
904;MAS;35;20;92308
906;MAS;1;10;71106
909;MAS;45;7;92831
911;MAS;50;0;98226
913;MAS;25;0;20744-6223
915;MAS;25;7;72762
917;MAS;50;6;92117
920;MAS;18;4;92173
921;MAS;25;17;92084
922;MAS;56;16;48009
923;MAS;25;7;37212
924;MAS;50;17;98642
926;MAS;1;10;07869
929;MAS;25;15;53706
930;MAS;25;5;98380
933;MAS;45;1;49419
935;MAS;35;14;60538
936;MAS;18;4;34567
937;MAS;25;15;60513
940;MAS;1;10;76240
941;MAS;18;20;45387
944;MAS;35;0;91505
945;MAS;45;7;49345
946;MAS;35;7;48103-8929
947;MAS;18;0;21015
948;MAS;56;12;43056
949;MAS;50;17;96753
950;MAS;35;7;21044
951;MAS;45;2;10009
952;MAS;56;16;97478
953;MAS;50;20;97030
956;MAS;35;1;55104
957;MAS;35;1;29706
958;MAS;35;2;48116
959;MAS;50;11;44622
960;MAS;1;10;45244
961;MAS;18;10;10016
963;MAS;25;0;48197
964;MAS;25;7;94123
965;MAS;56;7;10954
966;MAS;56;2;92262
968;MAS;50;12;94530
970;MAS;25;0;27615
971;MAS;25;12;43615
972;MAS;45;1;02138
974;MAS;35;19;94930
975;MAS;35;0;98136
976;MAS;35;14;89113
977;MAS;25;2;80110
978;MAS;18;0;19116
979;MAS;1;10;48073
980;MAS;25;6;92014
981;MAS;25;20;02141
984;MAS;50;16;92129
985;MAS;25;4;32608
988;MAS;50;11;48823
989;MAS;50;0;20706
990;MAS;18;6;10004
993;MAS;25;0;45678
994;MAS;18;2;92109
996;MAS;25;17;98102
997;MAS;1;19;15748
998;MAS;45;20;10019
999;MAS;25;15;62558
1001;MAS;25;4;90210
1002;MAS;50;11;07043
1003;MAS;25;2;19320
1004;MAS;25;3;95136
1005;MAS;35;11;08003
1006;MAS;18;4;53220
1007;MAS;50;12;01960
1008;MAS;35;3;77064
1009;MAS;50;7;48315
1010;MAS;25;0;10310
1011;MAS;25;8;92115
1013;MAS;56;13;02576
1015;MAS;35;3;11220
1016;MAS;56;16;60044
1017;MAS;35;0;30906
1018;MAS;18;4;95616
1019;MAS;35;1;60640
1020;MAS;18;20;93455
1021;MAS;35;0;94559
1022;MAS;25;3;00918
1023;MAS;56;13;92675
1025;MAS;25;16;34677
1027;MAS;18;4;77005
1029;MAS;25;0;20015
1030;MAS;25;7;97303
1031;MAS;35;16;19803
1032;MAS;50;16;19425
1033;MAS;25;5;60076
1035;MAS;18;2;15956
1036;MAS;35;7;28036
1037;MAS;45;7;02081
1040;MAS;25;11;76309
1041;MAS;45;2;94306
1042;MAS;35;5;92801
1044;MAS;25;20;72701
1046;MAS;56;18;53404-1230
1047;MAS;18;0;62225
1048;MAS;35;6;75225
1049;MAS;45;14;95002
1050;MAS;25;1;97302
1053;MAS;35;0;18360
1054;MAS;1;10;75040
1055;MAS;35;0;91505
1056;MAS;1;0;48133
1057;MAS;45;17;73069
1058;MAS;25;1;97321
1060;MAS;18;10;11235
1061;MAS;45;0;46060
1062;MAS;50;19;59457
1063;MAS;35;7;50265
1064;MAS;25;7;91344
1066;MAS;45;12;02151
1067;MAS;35;12;94402
1069;MAS;25;20;98105
1071;MAS;50;16;13045
1074;MAS;45;17;48073
1077;MAS;25;3;60660
1079;MAS;25;7;98115
1080;MAS;56;7;08854
1081;MAS;18;4;68144-2410
1082;MAS;45;7;48170
1083;MAS;56;0;27705
1084;MAS;1;19;03226
1085;MAS;25;7;34695
1086;MAS;18;4;98225
1087;MAS;25;16;08826
1089;MAS;35;6;37853
1090;MAS;25;7;94105
1091;MAS;18;5;345567
1093;MAS;50;14;60504
1096;MAS;1;10;80439
1097;MAS;18;17;92109
1098;MAS;35;7;94945
1099;MAS;25;17;77059
1100;MAS;25;0;60090
1101;MAS;35;1;06417
1102;MAS;18;1;55408
1104;MAS;35;11;10023
1105;MAS;35;6;48105
1106;MAS;18;4;90241
1108;MAS;56;1;93003
1109;MAS;18;10;45904
1112;MAS;18;6;19104
1113;MAS;18;4;97215
1116;MAS;25;15;92121
1117;MAS;18;14;10017
1118;MAS;50;13;02718
1119;MAS;35;1;90504
1120;MAS;18;4;95616
1121;MAS;56;7;78701
1122;MAS;56;14;02632
1123;MAS;50;0;91789
1124;MAS;25;2;60156
1126;MAS;56;16;13031
1127;MAS;25;0;11788
1128;MAS;25;1;72701
1129;MAS;35;17;22309
1130;MAS;18;7;60012
1131;MAS;56;13;12570
1132;MAS;18;12;98225
1133;MAS;18;2;90038
1134;MAS;18;20;19114
1135;MAS;50;13;98201
1137;MAS;18;4;13165
1138;MAS;18;12;12047
1139;MAS;25;1;93420-2852
1142;MAS;18;1;43623
1143;MAS;50;7;94024
1144;MAS;25;7;94025
1145;MAS;50;3;92103
1147;MAS;25;20;98101
1148;MAS;35;17;92618
1149;MAS;25;12;98103
1151;MAS;25;15;46805
1152;MAS;18;4;30328
1153;MAS;18;10;33024
1155;MAS;25;12;90278
1157;MAS;45;7;30253
1159;MAS;18;0;48314
1160;MAS;18;14;07017
1161;MAS;25;0;10025
1163;MAS;1;10;70448
1165;MAS;25;12;45014
1166;MAS;56;6;94030
1169;MAS;25;20;94402
1170;MAS;56;3;10023
1171;MAS;45;12;94114
1176;MAS;56;1;44256
1178;MAS;56;0;48186
1179;MAS;50;1;91030
1181;MAS;35;7;20716
1182;MAS;1;10;91326
1183;MAS;35;19;94598
1186;MAS;18;19;98502
1188;MAS;45;7;72212
1189;MAS;25;0;85712
1190;MAS;45;0;98031
1192;MAS;50;16;98103
1193;MAS;25;12;90712
1197;MAS;35;1;44077
1198;MAS;1;10;49544
1199;MAS;50;13;77459
1200;MAS;1;0;97222
1201;MAS;18;4;84112-2004
1202;MAS;35;12;97006
1204;MAS;25;7;95076
1207;MAS;50;0;43617
1208;MAS;25;0;12590
1209;MAS;35;7;94127
1210;MAS;25;17;27519
1211;MAS;18;4;10027
1213;MAS;50;0;91505
1214;MAS;56;13;94558
1215;MAS;35;17;23602
1216;MAS;25;2;90292
1217;MAS;25;12;94118
1218;MAS;56;15;13207
1219;MAS;25;7;12206
1220;MAS;1;10;48073
1221;MAS;18;0;19134
1222;MAS;35;0;52162
1223;MAS;25;2;60102
1224;MAS;50;13;02125
1225;MAS;45;7;61081
1226;MAS;18;20;07087
1227;MAS;50;1;90027
1228;MAS;25;1;94720
1230;MAS;25;11;95125
1231;MAS;25;12;60515
1234;MAS;18;4;91006
1237;MAS;18;4;32720
1241;MAS;1;10;11803
1243;MAS;35;15;92627
1244;MAS;25;4;22030
1245;MAS;25;17;80461
1246;MAS;18;4;98225
1247;MAS;35;0;92649
1249;MAS;35;2;94587
1250;MAS;50;0;10573
1251;MAS;25;7;48188
1252;MAS;56;13;94134
1255;MAS;25;17;94110
1256;MAS;25;20;10002
1258;MAS;45;7;20879
1259;MAS;35;7;2020010
1260;MAS;25;17;28262
1261;MAS;18;4;40205
1262;MAS;25;4;22903
1263;MAS;1;10;81301
1264;MAS;25;1;53711
1266;MAS;25;4;18104
1267;MAS;25;15;12203
1268;MAS;50;2;10028
1270;MAS;25;6;12230
1272;MAS;18;20;49506
1273;MAS;35;2;19123
1274;MAS;45;7;37343
1275;MAS;50;17;39567
1276;MAS;35;17;94041
1278;MAS;18;4;98312
1279;MAS;35;1;98502
1280;MAS;1;10;97801
1281;MAS;25;19;97209
1282;MAS;50;1;98541
1284;MAS;45;16;33334
1285;MAS;35;4;98125
1286;MAS;35;17;92630
1289;MAS;45;6;78750
1290;MAS;35;0;91504
1292;MAS;25;7;94904
1293;MAS;25;5;60074
1296;MAS;1;0;75244
1297;MAS;25;7;92109
1298;MAS;35;6;33615
1299;MAS;25;14;02038
1300;MAS;1;10;97201
1302;MAS;18;4;85282
1303;MAS;25;19;94111
1304;MAS;25;14;97203
1305;MAS;45;20;94121
1306;MAS;25;3;64068
1307;MAS;56;13;75703
1308;MAS;1;10;75082
1309;MAS;25;14;76051
1310;MAS;45;0;92866
1311;MAS;18;10;90274
1312;MAS;25;14;60153
1313;MAS;18;4;43214
1315;MAS;35;7;75214
1316;MAS;50;2;50310
1317;MAS;45;7;98028
1318;MAS;18;16;94014
1320;MAS;25;4;22030
1322;MAS;56;0;94043
1324;MAS;35;16;07030
1325;MAS;25;1;75230
1327;MAS;1;10;12159
1328;MAS;35;14;60657
1329;MAS;18;14;60194
1330;MAS;56;1;95117
1331;MAS;45;0;12065
1332;MAS;25;7;02840
1333;MAS;25;17;06460
1334;MAS;50;7;10805
1335;MAS;35;0;14228
1337;MAS;56;17;97146
1338;MAS;25;0;94108
1339;MAS;35;18;85275
1340;MAS;25;7;14302
1341;MAS;18;7;11434
1342;MAS;35;0;94560
1343;MAS;35;14;91324
1346;MAS;35;20;27607
1349;MAS;50;7;13088
1352;MAS;35;20;94122
1353;MAS;1;10;95926
1357;MAS;45;0;34116
1358;MAS;35;17;49508
1359;MAS;35;1;10918
1360;MAS;25;20;14895
1362;MAS;35;12;75069
1363;MAS;50;7;01915
1366;MAS;1;10;89509
1367;MAS;25;12;53707
1369;MAS;25;5;12308
1370;MAS;35;2;92821
1372;MAS;1;10;95123
1374;MAS;50;1;91403
1377;MAS;35;16;65270
1380;MAS;1;10;58078
1381;MAS;18;11;89170
1384;MAS;18;10;98058
1388;MAS;56;20;87107
1389;MAS;25;17;19801
1390;MAS;35;16;99352
1391;MAS;35;15;20723
1392;MAS;45;3;90006
1393;MAS;18;4;06430
1395;MAS;25;2;07026
1397;MAS;35;7;55901
1399;MAS;18;17;10804
1400;MAS;25;7;92130
1402;MAS;18;4;90601
1404;MAS;50;16;91360
1405;MAS;56;13;33445
1406;MAS;25;4;91911
1408;MAS;25;0;90046
1409;MAS;18;4;97215
1410;MAS;50;7;94404
1411;MAS;35;1;08107
1412;MAS;25;17;94089
1413;MAS;18;3;98122
1414;MAS;18;4;85035
1415;MAS;45;14;22901
1416;MAS;25;14;98101
1417;MAS;35;16;10472
1418;MAS;18;4;48197
1420;MAS;18;4;01375
1422;MAS;35;17;55934
1423;MAS;25;4;08540
1424;MAS;35;0;28209
1425;MAS;1;10;08872
1426;MAS;18;14;94070
1427;MAS;25;12;21401
1430;MAS;18;4;97215
1431;MAS;56;6;91011
1432;MAS;35;1;94549
1435;MAS;25;14;48103
1437;MAS;50;3;89102
1438;MAS;18;2;21222
1439;MAS;35;3;98037
1440;MAS;35;12;94520
1441;MAS;35;16;54729
1442;MAS;18;2;12345
1443;MAS;35;2;98055
1445;MAS;25;2;98109
1446;MAS;35;12;10128
1447;MAS;18;4;80521
1449;MAS;35;20;17112
1450;MAS;18;4;94704
1451;MAS;35;20;90012
1453;MAS;25;14;19444
1454;MAS;18;4;93117
1456;MAS;25;2;98074
1457;MAS;25;1;95472
1458;MAS;1;0;08055
1462;MAS;35;16;95405
1463;MAS;50;16;92612-3417
1464;MAS;35;12;75063
1465;MAS;50;16;93003
1466;MAS;18;4;29201
1467;MAS;25;5;97007
1468;MAS;1;14;19147
1469;MAS;56;20;95420
1470;MAS;18;4;94118
1471;MAS;25;17;11106
1472;MAS;25;7;90248
1473;MAS;25;14;06511
1474;MAS;25;4;98115
1478;MAS;1;10;92620
1480;MAS;25;20;91367
1481;MAS;35;17;77096
1482;MAS;25;7;94132
1483;MAS;18;4;54481
1484;MAS;25;12;07054
1486;MAS;25;16;90638
1487;MAS;35;7;07644
1488;MAS;25;7;94538
1490;MAS;50;7;90505
1491;MAS;18;4;06511
1492;MAS;25;12;98102
1494;MAS;25;17;38104
1495;MAS;18;0;77341
1496;MAS;25;17;94108
1497;MAS;50;5;80220
1498;MAS;18;4;02139
1499;MAS;1;10;19343
1500;MAS;25;17;98115
1501;MAS;25;11;75801
1502;MAS;18;4;12188
1503;MAS;25;12;92688
1504;MAS;18;19;22030
1505;MAS;50;11;90041
1506;MAS;25;7;08550
1507;MAS;35;17;95476
1509;MAS;1;0;11803
1511;MAS;35;12;08902
1512;MAS;25;20;11102
1514;MAS;18;4;97215
1515;MAS;25;16;48324
1517;MAS;18;0;10002
1518;MAS;25;2;95831
1519;MAS;18;4;38120
1520;MAS;25;17;94506
1522;MAS;35;20;10025
1523;MAS;25;17;95209
1524;MAS;18;4;06459
1526;MAS;56;17;80538
1527;MAS;18;10;78230
1528;MAS;25;15;94903
1529;MAS;18;4;97266
1530;MAS;25;4;53711
1531;MAS;45;17;60462
1532;MAS;18;14;43613
1533;MAS;45;1;71711
1534;MAS;50;12;12184
1537;MAS;18;20;02446
1538;MAS;25;3;22601
1539;MAS;25;3;02359
1540;MAS;45;0;97214
1541;MAS;56;17;23464-3016
1542;MAS;18;17;12054
1543;MAS;25;11;10549
1544;MAS;25;12;63146
1545;MAS;25;20;20009
1546;MAS;25;4;22903
1547;MAS;56;13;02115
1548;MAS;35;1;53703
1549;MAS;35;6;20901
1550;MAS;18;4;11580
1551;MAS;25;11;20008
1552;MAS;45;20;10021
1556;MAS;18;4;48073
1558;MAS;18;6;60611
1559;MAS;35;8;10014
1562;MAS;18;20;43611
1564;MAS;50;1;01096
1565;MAS;45;17;78731
1566;MAS;35;16;77550
1567;MAS;25;12;06511
1570;MAS;18;17;75093
1571;MAS;25;20;98033
1573;MAS;1;0;77479
1574;MAS;25;6;81007
1577;MAS;56;0;72227-5733
1578;MAS;18;4;22201
1579;MAS;25;0;60201
1582;MAS;18;0;10705
1583;MAS;35;6;94115
1584;MAS;25;19;45701
1585;MAS;56;20;92315
1586;MAS;45;7;77351
1588;MAS;25;11;22043
1589;MAS;25;0;95136
1590;MAS;35;1;95003
1591;MAS;50;7;26501
1592;MAS;35;7;50111
1593;MAS;25;16;78411
1595;MAS;35;1;92683-1892
1597;MAS;25;12;10002
1598;MAS;35;13;76548
1599;MAS;25;0;92646
1600;MAS;35;7;08234
1601;MAS;25;12;83001
1604;MAS;25;11;50111
1607;MAS;45;1;02135
1608;MAS;25;11;75230
1610;MAS;25;11;55555
1611;MAS;25;0;03867
1612;MAS;25;17;11354
1613;MAS;18;20;61801
1614;MAS;35;0;90027
1616;MAS;25;0;16101
1617;MAS;25;12;44060
1618;MAS;50;0;44139
1619;MAS;50;3;48843
1620;MAS;25;20;48009
1621;MAS;25;4;11423
1622;MAS;18;4;53715
1623;MAS;50;15;07746
1624;MAS;25;0;06810
1625;MAS;45;0;04330
1626;MAS;18;4;10010
1627;MAS;18;17;91505
1628;MAS;18;20;90028
1629;MAS;18;4;10003
1630;MAS;45;17;91355
1632;MAS;25;16;94120
1635;MAS;25;0;97212
1637;MAS;56;0;90049
1639;MAS;25;17;95405
1640;MAS;35;17;95610
1641;MAS;25;0;95819
1642;MAS;50;13;62002
1643;MAS;45;2;90813
1644;MAS;18;12;90210
1646;MAS;25;20;90046
1647;MAS;18;18;98118
1648;MAS;50;14;85202
1649;MAS;18;19;98034
1650;MAS;25;19;94607
1651;MAS;25;12;94520
1652;MAS;25;16;98208
1653;MAS;18;0;94044
1655;MAS;18;4;94507
1656;MAS;25;17;94122
1661;MAS;35;7;80526
1662;MAS;25;12;94121
1663;MAS;18;4;77845
1665;MAS;45;17;87505
1666;MAS;25;14;15241
1667;MAS;50;16;98516
1668;MAS;35;2;95602
1671;MAS;35;0;98368
1672;MAS;25;17;93933
1673;MAS;1;10;98043-3621
1674;MAS;35;2;95816
1676;MAS;18;4;91301
1677;MAS;18;14;97123
1679;MAS;25;12;98052
1680;MAS;25;20;95380
1681;MAS;18;4;78705
1682;MAS;25;2;98102
1684;MAS;18;3;85226
1685;MAS;35;12;95833
1686;MAS;35;12;94062
1687;MAS;25;3;85013
1689;MAS;35;5;98465
1690;MAS;35;16;98029
1692;MAS;35;20;97333
1693;MAS;25;12;98684
1694;MAS;25;12;98116
1695;MAS;25;1;97206
1696;MAS;35;7;95765
1698;MAS;35;2;97214
1700;MAS;25;20;98119
1702;MAS;18;10;97303
1703;MAS;18;15;77047
1704;MAS;25;4;98926
1706;MAS;25;20;19134
1707;MAS;50;1;95070
1708;MAS;25;0;64106
1709;MAS;25;0;73147
1710;MAS;18;0;94530
1712;MAS;25;0;73003
1713;MAS;25;0;47421
1714;MAS;25;17;43212
1715;MAS;25;16;53406
1716;MAS;25;0;43229
1718;MAS;18;4;43235
1719;MAS;18;16;60523
1720;MAS;18;4;94720
1721;MAS;18;19;70043
1722;MAS;35;0;72058
1723;MAS;35;17;60103
1724;MAS;18;4;00961
1725;MAS;18;19;67218
1726;MAS;25;2;60160
1727;MAS;35;16;50317
1728;MAS;18;4;11710-1641
1729;MAS;25;7;53715
1732;MAS;18;4;13655
1733;MAS;18;14;43725
1734;MAS;45;17;94602
1735;MAS;18;20;30605
1736;MAS;56;8;00606
1737;MAS;35;20;46614
1738;MAS;35;16;30034
1739;MAS;56;16;77079
1740;MAS;56;1;96153
1741;MAS;35;7;91107
1742;MAS;25;15;08109
1743;MAS;35;17;77566
1744;MAS;35;12;50325
1745;MAS;45;0;94114
1746;MAS;25;4;33157
1747;MAS;25;0;90638
1748;MAS;50;1;04240
1749;MAS;25;2;10040
1750;MAS;50;5;10128
1751;MAS;35;20;77024
1752;MAS;25;3;96813
1753;MAS;35;6;90803
1754;MAS;18;19;27028
1757;MAS;25;4;75206
1759;MAS;25;16;22112
1761;MAS;35;0;72058
1762;MAS;25;14;75230
1763;MAS;35;7;76248
1764;MAS;18;0;75149
1765;MAS;18;4;13655
1767;MAS;25;20;75205
1768;MAS;45;16;75067
1769;MAS;25;17;75240
1770;MAS;35;16;79605
1771;MAS;25;17;75044
1772;MAS;56;2;90680
1773;MAS;18;4;07030
1774;MAS;25;17;99003
1775;MAS;25;4;70115
1776;MAS;25;0;45801
1777;MAS;25;20;17022
1778;MAS;18;4;94704
1779;MAS;18;1;78133
1780;MAS;35;1;22181
1782;MAS;45;0;23454
1783;MAS;18;4;10027
1784;MAS;18;20;18104
1785;MAS;18;4;04901
1786;MAS;45;1;85721
1787;MAS;18;8;90210
1788;MAS;45;2;19104
1789;MAS;1;10;19116
1790;MAS;25;0;19152
1791;MAS;18;4;19146
1793;MAS;25;4;20008
1794;MAS;25;11;20878
1795;MAS;18;17;20724
1796;MAS;50;11;20852
1797;MAS;35;7;52003
1798;MAS;45;11;22204
1799;MAS;35;11;70118
1800;MAS;18;4;70118
1802;MAS;18;4;22903
1803;MAS;25;2;50021
1804;MAS;25;7;22314
1805;MAS;18;4;22401
1806;MAS;18;4;22032
1807;MAS;18;17;20742
1810;MAS;50;13;90210
1811;MAS;56;2;08825
1814;MAS;50;7;10014
1815;MAS;1;1;30707
1817;MAS;35;1;53706
1818;MAS;1;8;02254
1820;MAS;25;20;50265
1821;MAS;25;20;43315
1825;MAS;25;7;50310
1826;MAS;45;11;49265
1828;MAS;18;4;07030
1829;MAS;25;16;07302
1830;MAS;18;4;12180
1831;MAS;18;4;53190
1833;MAS;18;17;07030
1834;MAS;35;5;10990
1835;MAS;25;19;11501
1836;MAS;25;0;10016
1837;MAS;25;2;08817
1838;MAS;35;7;10011
1839;MAS;18;4;07940
1840;MAS;25;12;11217
1841;MAS;18;0;95037
1842;MAS;18;4;53190
1843;MAS;25;12;10014
1845;MAS;25;2;10002
1846;MAS;45;12;95051
1847;MAS;18;4;60047
1848;MAS;35;5;10011
1849;MAS;35;7;11747
1850;MAS;18;5;12582
1851;MAS;25;19;59602
1852;MAS;25;12;10036
1853;MAS;50;0;90803
1854;MAS;25;0;92346
1855;MAS;18;4;93004
1856;MAS;56;7;92065
1857;MAS;1;10;92106
1860;MAS;56;16;94591
1861;MAS;50;16;92129
1862;MAS;50;14;95129
1863;MAS;18;4;90048
1864;MAS;35;7;94306
1866;MAS;25;7;94043
1867;MAS;50;7;95008
1868;MAS;50;11;92346
1869;MAS;45;14;95148
1870;MAS;56;13;85248
1872;MAS;50;20;92106
1873;MAS;35;7;02127
1874;MAS;45;7;95076
1875;MAS;35;12;94107
1876;MAS;25;12;92024
1878;MAS;1;10;92846
1879;MAS;25;4;29732
1880;MAS;35;0;91006
1881;MAS;35;2;95008
1882;MAS;35;16;92352
1884;MAS;45;20;93108
1885;MAS;50;17;94611
1886;MAS;25;12;94086
1887;MAS;56;15;92119
1888;MAS;35;12;95124
1889;MAS;18;14;80023
1890;MAS;50;6;94702
1891;MAS;45;1;91335
1892;MAS;25;20;90066
1895;MAS;35;14;89119
1896;MAS;56;13;92115
1898;MAS;25;12;91101
1900;MAS;56;12;94109
1901;MAS;50;7;94024
1902;MAS;25;19;93536
1903;MAS;35;0;90401
1904;MAS;18;1;30115
1907;MAS;35;17;94804
1908;MAS;56;13;95129
1909;MAS;18;4;89146
1910;MAS;1;10;94707
1912;MAS;25;4;91325
1913;MAS;25;17;95126
1915;MAS;50;13;01938
1916;MAS;45;7;90405
1917;MAS;18;10;92704
1919;MAS;1;0;94525
1921;MAS;56;12;92780
1923;MAS;35;7;90026
1925;MAS;50;7;92886
1927;MAS;35;7;94806
1928;MAS;1;10;94501
1930;MAS;25;15;94550
1931;MAS;25;2;94114
1932;MAS;25;7;94114
1933;MAS;18;19;94703
1934;MAS;25;17;95014
1935;MAS;1;10;90405
1936;MAS;35;0;90026
1937;MAS;25;11;92335
1940;MAS;25;12;95158
1941;MAS;35;17;94550
1942;MAS;35;5;04901
1943;MAS;18;4;91501
1945;MAS;25;20;92866
1946;MAS;25;14;94110
1947;MAS;25;7;94041
1948;MAS;1;10;93111
1949;MAS;18;17;92595
1950;MAS;25;12;49024
1952;MAS;35;1;91030
1954;MAS;25;16;91402
1955;MAS;1;19;03109
1956;MAS;35;0;44280
1960;MAS;45;7;55555
1965;MAS;56;17;48304
1966;MAS;25;20;93637
1967;MAS;50;7;92116
1968;MAS;25;11;85258
1970;MAS;50;13;89052
1972;MAS;45;17;92111
1973;MAS;25;1;22903
1974;MAS;35;17;12159
1975;MAS;18;4;97361
1976;MAS;35;5;58703
1977;MAS;56;6;02726
1978;MAS;1;10;43357
1979;MAS;56;17;49506
1980;MAS;35;7;06460
1981;MAS;56;1;80303
1982;MAS;1;10;80540
1983;MAS;25;14;92109
1984;MAS;18;10;92130
1985;MAS;45;12;92122
1986;MAS;50;13;91977
1987;MAS;25;17;62629
1989;MAS;50;6;02090
1990;MAS;25;7;85257
1991;MAS;25;20;48309
1992;MAS;18;4;85259
1993;MAS;35;17;99508
1994;MAS;35;2;89012
1995;MAS;25;1;85364
1996;MAS;35;0;85621
1997;MAS;25;0;84108
2000;MAS;18;4;44685
2001;MAS;50;1;48197
2003;MAS;1;10;80014
2004;MAS;45;19;53572
2005;MAS;18;4;58601
2006;MAS;35;0;66048
2007;MAS;50;16;80442
2008;MAS;25;3;48220
2010;MAS;18;4;81520
2012;MAS;25;4;49456
2013;MAS;45;0;60543
2014;MAS;18;4;53233
2015;MAS;18;4;01003
2017;MAS;25;17;35808
2018;MAS;35;16;46214
2019;MAS;50;1;27705
2020;MAS;25;7;45011
2021;MAS;25;0;61364
2022;MAS;25;7;60137
2023;MAS;18;4;56001
2024;MAS;1;19;06614
2025;MAS;56;13;03440
2026;MAS;50;16;49277
2028;MAS;45;6;44131
2030;MAS;25;4;77345
2031;MAS;35;20;60640
2032;MAS;50;14;44614
2037;MAS;56;14;02468
2039;MAS;50;16;60060
2042;MAS;1;10;79358
2043;MAS;25;14;37931
2046;MAS;35;1;91711
2047;MAS;1;10;06437
2048;MAS;50;6;49456
2051;MAS;35;7;93906
2052;MAS;1;10;46033
2053;MAS;45;11;06416
2054;MAS;25;12;03110
2055;MAS;50;11;49008
2056;MAS;25;4;56301
2057;MAS;35;1;49417
2059;MAS;35;0;44130
2060;MAS;1;1;48304
2061;MAS;56;1;44107
2062;MAS;18;4;44646
2063;MAS;25;4;43138
2064;MAS;35;1;01020
2065;MAS;25;6;46807
2067;MAS;50;16;06430
2069;MAS;56;15;79068
2071;MAS;45;7;01605
2074;MAS;18;4;48197
2076;MAS;18;4;13165
2077;MAS;18;0;55112
2078;MAS;18;4;13323
2079;MAS;1;10;45241
2080;MAS;25;11;37931
2081;MAS;18;17;49445
2082;MAS;1;19;48323
2083;MAS;18;4;64920
2084;MAS;18;4;23186
2085;MAS;18;0;06360
2086;MAS;35;14;48328
2087;MAS;25;0;37923-3112
2088;MAS;50;7;60618
2089;MAS;35;17;17601
2090;MAS;35;17;48313
2092;MAS;56;1;49006
2093;MAS;18;0;48322
2094;MAS;35;2;60061
2095;MAS;56;13;58504
2097;MAS;18;5;48504
2098;MAS;35;20;48067
2101;MAS;25;16;48309
2102;MAS;25;11;48825
2103;MAS;35;12;03062
2104;MAS;45;15;60035
2105;MAS;25;1;24060
2107;MAS;25;1;24060
2108;MAS;1;10;60462
2109;MAS;25;16;13090
2110;MAS;50;11;46802
2111;MAS;56;13;32806
2113;MAS;25;6;04456
2114;MAS;18;18;21740
2115;MAS;35;17;01519
2116;MAS;18;4;49546
2117;MAS;56;13;49307
2118;MAS;25;14;02148
2119;MAS;35;4;10036
2120;MAS;1;0;02780
2121;MAS;56;13;02356
2122;MAS;35;12;61614
2124;MAS;25;0;12306
2125;MAS;35;3;46033
2126;MAS;56;14;02632
2127;MAS;18;4;12309
2129;MAS;25;5;04103
2130;MAS;45;0;03060
2131;MAS;25;0;01701
2132;MAS;56;14;02632
2134;MAS;18;10;02780
2135;MAS;50;1;01778
2136;MAS;35;18;13027
2140;MAS;45;14;46804
2143;MAS;18;4;32607
2144;MAS;18;0;46517
2145;MAS;18;10;32750
2146;MAS;18;2;96002
2149;MAS;25;0;60089
2151;MAS;56;13;33316
2152;MAS;18;4;22807
2153;MAS;18;16;97405
2154;MAS;25;12;68508
2156;MAS;18;19;55912
2158;MAS;25;12;60618
2163;MAS;18;0;87122
2164;MAS;35;0;95826
2165;MAS;25;7;32836
2166;MAS;1;10;99203
2168;MAS;1;10;60202
2169;MAS;1;0;95451
2171;MAS;35;0;48103
2172;MAS;18;20;60641
2173;MAS;50;13;87502
2174;MAS;50;12;87505
2175;MAS;25;4;99217
2176;MAS;1;19;73505
2178;MAS;45;14;85251
2180;MAS;25;12;27713-9225
2181;MAS;25;0;45245
2184;MAS;18;4;45403
2185;MAS;45;17;27502
2186;MAS;18;5;41018
2187;MAS;45;16;60126
2189;MAS;1;10;60148
2191;MAS;18;4;45231
2193;MAS;1;10;41011
2194;MAS;25;17;45233
2195;MAS;1;10;60148
2196;MAS;25;12;45140
2199;MAS;1;10;60613
2200;MAS;35;1;60016
2201;MAS;56;20;46804
2203;MAS;45;12;53718
2204;MAS;56;3;94941
2206;MAS;45;7;11201
2207;MAS;18;4;07508
2208;MAS;25;0;10006
2209;MAS;35;7;10011
2210;MAS;45;17;88005-4313
2211;MAS;45;6;01950
2212;MAS;18;4;80521
2217;MAS;1;10;44906
2218;MAS;35;17;64153
2219;MAS;25;6;60060
2221;MAS;56;17;94931
2223;MAS;25;2;60123
2224;MAS;25;12;60025
2225;MAS;25;5;96815
2227;MAS;50;14;60016
2228;MAS;25;12;60025
2229;MAS;45;0;61821
2231;MAS;50;11;85726
2232;MAS;25;14;60061
2234;MAS;56;1;85718
2235;MAS;1;10;46324
2236;MAS;1;10;96782
2239;MAS;18;10;60148
2240;MAS;45;12;64117
2241;MAS;45;5;60647
2242;MAS;18;4;60115
2243;MAS;45;2;86701
2244;MAS;1;10;60565
2245;MAS;1;10;60007
2246;MAS;25;0;60622
2247;MAS;45;2;60613
2249;MAS;25;5;60466
2250;MAS;18;19;60010
2251;MAS;35;14;60626
2254;MAS;35;5;33317
2261;MAS;25;5;33025
2262;MAS;45;17;48116
2263;MAS;25;6;70508
2265;MAS;56;13;60506
2270;MAS;18;1;14620
2271;MAS;50;14;13210
2272;MAS;25;0;71731
2273;MAS;25;6;23235
2274;MAS;18;2;31401
2275;MAS;56;7;39211
2276;MAS;56;13;44143
2278;MAS;50;17;01536
2279;MAS;50;7;08816
2280;MAS;56;6;74105
2281;MAS;45;11;48104
2282;MAS;50;2;32117
2283;MAS;35;18;44708
2284;MAS;25;20;90024
2286;MAS;35;17;82604
2287;MAS;56;0;06082
2288;MAS;1;10;13066
2290;MAS;25;0;61021
2291;MAS;45;1;13214
2292;MAS;50;15;13039
2294;MAS;56;13;48108
2295;MAS;45;11;72316
2297;MAS;56;13;52003
2298;MAS;35;17;77584
2300;MAS;56;13;49423
2302;MAS;50;12;48104
2303;MAS;50;17;08055
2304;MAS;45;12;94103
2305;MAS;50;20;48104
2307;MAS;25;17;02140
2310;MAS;45;12;48130
2312;MAS;45;0;13131
2315;MAS;56;7;48114
2316;MAS;35;0;13207
2318;MAS;56;7;48114
2319;MAS;35;7;48104
2321;MAS;25;7;30115
2323;MAS;35;3;13088
2324;MAS;35;17;50321
2326;MAS;18;4;01040
2327;MAS;18;10;48169
2328;MAS;56;7;13212
2330;MAS;45;7;48103
2331;MAS;56;1;48104
2332;MAS;56;14;01545
2333;MAS;50;6;13035
2335;MAS;50;17;48197
2336;MAS;35;18;13146
2337;MAS;35;17;49424
2338;MAS;45;17;13152
2340;MAS;35;2;48104
2341;MAS;56;1;13210
2342;MAS;35;3;48107
2344;MAS;25;12;02139
2345;MAS;35;16;98031
2347;MAS;35;1;48116
2348;MAS;50;12;06082
2349;MAS;25;8;50309
2350;MAS;18;4;44312
2352;MAS;50;13;41076
2354;MAS;35;11;94306
2359;MAS;56;13;13685
2360;MAS;50;6;13210
2361;MAS;56;7;49423
2362;MAS;25;14;94110
2363;MAS;50;14;95823
2365;MAS;50;7;13203
2369;MAS;35;14;06040
2370;MAS;50;1;13215
2373;MAS;45;7;94109
2374;MAS;25;14;94404
2376;MAS;25;1;13210
2377;MAS;35;0;06108
2378;MAS;25;3;75150
2379;MAS;18;18;13045
2380;MAS;25;4;22903
2382;MAS;50;13;59715
2384;MAS;35;17;62034
2387;MAS;25;17;32224
2388;MAS;56;5;06082
2389;MAS;25;16;37922
2391;MAS;50;18;13126
2393;MAS;56;13;13123
2394;MAS;35;6;37923
2395;MAS;35;7;08021
2398;MAS;25;0;98122
2399;MAS;35;17;11355
2401;MAS;25;4;22901
2402;MAS;45;17;32024
2403;MAS;18;4;37743
2404;MAS;18;7;64055
2405;MAS;50;8;78065
2407;MAS;35;16;11358
2410;MAS;56;7;06071
2412;MAS;56;13;01501
2414;MAS;25;1;49503
2415;MAS;25;7;22407
2416;MAS;45;7;01531
2417;MAS;45;1;53045
2419;MAS;25;0;06096
2420;MAS;50;7;37938
2421;MAS;35;7;44306
2424;MAS;25;17;95035
2426;MAS;56;0;01606
2428;MAS;45;17;45255
2429;MAS;25;2;22903
2430;MAS;25;4;22902
2432;MAS;25;4;22903
2433;MAS;25;4;22903
2434;MAS;25;4;22901
2435;MAS;25;4;22903
2436;MAS;25;7;22902
2437;MAS;25;4;22923
2438;MAS;35;1;22903
2439;MAS;45;17;48105
2440;MAS;50;17;01430
2442;MAS;35;17;36830
2445;MAS;25;0;48104
2446;MAS;18;7;10038
2447;MAS;25;14;03051
2448;MAS;35;6;37932
2449;MAS;56;13;37922
2450;MAS;45;16;01612
2451;MAS;45;12;37853
2452;MAS;45;7;01545
2453;MAS;25;7;55429
2454;MAS;18;0;97005
2455;MAS;35;7;48197
2456;MAS;25;5;48103
2457;MAS;25;0;60656
2458;MAS;25;7;85040
2459;MAS;50;7;44313
2461;MAS;18;4;98117
2462;MAS;35;1;44303
2463;MAS;25;7;33916
2465;MAS;50;6;44333
2466;MAS;25;15;94303
2467;MAS;1;10;44224
2468;MAS;50;1;44240
2469;MAS;25;4;90048
2470;MAS;35;18;52001
2471;MAS;50;13;98683
2472;MAS;25;18;37922
2473;MAS;25;12;98105
2474;MAS;25;12;83815
2476;MAS;50;12;78703
2477;MAS;45;0;42420
2478;MAS;50;1;37922
2481;MAS;35;14;03054
2483;MAS;56;13;90503
2484;MAS;45;5;31901
2485;MAS;35;14;95746
2486;MAS;18;12;98105
2487;MAS;45;7;55438
2490;MAS;25;12;94703
2491;MAS;35;7;22904
2493;MAS;45;2;90631
2494;MAS;18;4;52003
2496;MAS;50;1;37932
2498;MAS;56;18;70817
2499;MAS;50;0;36109
2500;MAS;56;1;29672
2501;MAS;25;15;37923
2502;MAS;56;13;49423
2503;MAS;35;17;19360
2504;MAS;25;7;98115
2505;MAS;25;7;55405
2507;MAS;25;4;94107
2509;MAS;25;5;36109
2510;MAS;25;7;37930
2511;MAS;25;7;15209
2513;MAS;56;1;37922
2514;MAS;56;14;37922
2515;MAS;45;12;37914
2518;MAS;25;7;11793
2521;MAS;35;17;49424
2522;MAS;18;11;60614
2523;MAS;25;17;49423
2526;MAS;56;13;37923
2527;MAS;35;15;36109
2528;MAS;56;0;37922
2530;MAS;18;0;42420
2536;MAS;56;13;37830
2537;MAS;35;11;37620
2538;MAS;56;13;37923
2539;MAS;35;7;32444
2544;MAS;45;1;52001
2545;MAS;56;13;37830
2549;MAS;56;13;37938
2550;MAS;50;7;37931
2551;MAS;25;12;98133
2553;MAS;25;7;29369
2554;MAS;25;1;97405
2555;MAS;56;7;10522
2556;MAS;25;4;02430
2558;MAS;56;17;53061
2559;MAS;18;10;53207
2561;MAS;25;15;06460
2562;MAS;18;0;98021
2563;MAS;45;13;53132
2565;MAS;35;5;34786
2566;MAS;35;17;94022
2567;MAS;25;0;06451
2568;MAS;25;17;31311
2569;MAS;45;0;45248
2571;MAS;35;17;20151
2572;MAS;35;14;75005
2573;MAS;45;16;94536
2574;MAS;50;6;06511
2575;MAS;35;7;76248
2576;MAS;18;17;97030
2577;MAS;25;7;77099
2578;MAS;50;7;94107
2579;MAS;35;15;91411
2581;MAS;25;11;60611
2583;MAS;35;7;19610
2585;MAS;45;15;64081-8102
2586;MAS;25;20;46802
2587;MAS;35;7;55124
2589;MAS;25;0;19004
2590;MAS;18;4;94044
2591;MAS;18;1;50310
2592;MAS;50;7;80004-4448
2593;MAS;56;16;95816
2594;MAS;35;7;31047
2595;MAS;18;4;15213
2596;MAS;50;7;48152
2598;MAS;25;17;20866
2599;MAS;25;12;53154
2600;MAS;25;14;19312
2601;MAS;35;16;27613
2602;MAS;45;12;92104
2603;MAS;25;17;19126
2604;MAS;25;0;45459
2605;MAS;35;7;75013
2606;MAS;50;7;34285
2610;MAS;45;7;48322
2611;MAS;25;3;07719
2613;MAS;35;1;92120
2614;MAS;25;7;15205
2615;MAS;25;7;21029
2616;MAS;35;7;02657
2619;MAS;35;12;95677
2620;MAS;18;4;47306
2621;MAS;18;0;46304
2623;MAS;56;1;30345
2625;MAS;35;7;61910
2626;MAS;56;1;04056
2627;MAS;25;1;06877
2629;MAS;25;11;15237
2632;MAS;56;0;43528
2634;MAS;56;1;15701
2635;MAS;35;0;06403
2636;MAS;18;12;78750
2638;MAS;25;14;06405
2640;MAS;35;12;78230
2641;MAS;25;6;19428
2642;MAS;25;0;33073
2643;MAS;45;17;99005
2644;MAS;18;15;45215
2645;MAS;25;7;60657
2646;MAS;45;17;18049
2648;MAS;25;17;27707
2649;MAS;25;16;80126
2650;MAS;45;7;75080
2651;MAS;56;14;11779
2652;MAS;35;20;84010
2653;MAS;25;7;94109
2655;MAS;35;7;66224
2656;MAS;56;13;32837
2658;MAS;25;7;60115
2659;MAS;35;14;01060
2660;MAS;56;17;28704
2661;MAS;56;13;19312
2662;MAS;25;17;02021
2664;MAS;35;7;52402
2665;MAS;35;11;98443
2666;MAS;45;16;63128
2669;MAS;45;0;24541
2670;MAS;35;6;94598
2672;MAS;35;7;04096
2673;MAS;35;7;77040
2674;MAS;25;4;94110
2675;MAS;35;18;98664
2676;MAS;56;20;78731
2678;MAS;25;6;49707
2680;MAS;25;12;01864
2682;MAS;18;4;43210
2683;MAS;35;7;60188
2685;MAS;45;7;02116
2686;MAS;25;0;85283
2687;MAS;1;10;08805
2688;MAS;25;17;54915
2689;MAS;25;12;27511
2690;MAS;25;7;24210
2691;MAS;18;4;06459
2693;MAS;56;13;72949
2694;MAS;18;4;90024
2695;MAS;35;11;46033
2696;MAS;25;7;24210
2700;MAS;25;7;30117
2701;MAS;45;1;60115
2702;MAS;45;6;65201
2703;MAS;35;11;52803
2704;MAS;56;13;72764
2705;MAS;25;1;27713
2707;MAS;56;13;24060
2708;MAS;25;7;44115
2710;MAS;35;17;94303
2713;MAS;25;7;96811
2714;MAS;18;4;96815
2717;MAS;25;4;96826
2719;MAS;25;12;98100
2720;MAS;35;0;20795
2721;MAS;45;14;19382
2722;MAS;35;7;22043
2725;MAS;35;7;30071
2726;MAS;45;11;02155
2727;MAS;25;11;60603
2728;MAS;35;12;27614
2729;MAS;50;7;17402
2730;MAS;35;11;48640
2731;MAS;35;7;11050
2732;MAS;45;17;92805
2733;MAS;45;17;94002
2735;MAS;25;7;22903
2736;MAS;45;12;80303
2737;MAS;25;3;50311
2740;MAS;45;17;22181
2741;MAS;25;14;60614
2742;MAS;25;17;36092
2743;MAS;25;14;72601
2744;MAS;18;17;53818
2746;MAS;50;14;50265-2850
2748;MAS;25;4;85719
2749;MAS;25;12;10025
2752;MAS;25;15;77006
2754;MAS;50;12;60148
2755;MAS;35;7;29631
2756;MAS;18;4;97331
2757;MAS;25;2;10023
2758;MAS;56;8;12436
2759;MAS;25;7;36102
2760;MAS;56;0;01886
2761;MAS;35;6;80917
2762;MAS;50;16;63131
2764;MAS;25;7;91403
2765;MAS;50;7;02420
2766;MAS;45;7;55016
2767;MAS;25;0;99163
2768;MAS;25;17;90210
2769;MAS;25;7;20170
2770;MAS;35;1;14260
2771;MAS;18;1;92037
2772;MAS;35;17;10025
2773;MAS;35;2;78766
2774;MAS;25;1;92103
2776;MAS;25;14;22205
2777;MAS;18;4;95326
2778;MAS;56;13;94025
2779;MAS;35;7;10040
2780;MAS;25;17;94133
2781;MAS;35;4;45205
2783;MAS;45;17;78750
2784;MAS;50;20;20007
2785;MAS;56;13;29928
2786;MAS;25;4;60201
2787;MAS;25;4;60614
2788;MAS;56;1;90049
2789;MAS;18;4;90025
2790;MAS;25;20;85013
2791;MAS;56;7;10023
2792;MAS;18;4;02452
2793;MAS;35;7;70116
2794;MAS;25;2;20036
2795;MAS;50;13;33710
2796;MAS;25;14;92104
2798;MAS;35;20;10038
2799;MAS;18;0;55404
2802;MAS;35;20;10036
2803;MAS;25;7;94022
2805;MAS;56;19;06040
2806;MAS;1;10;15208
2808;MAS;56;16;60610
2809;MAS;25;7;10016
2811;MAS;25;19;94122
2812;MAS;25;17;60607
2813;MAS;25;20;55406
2814;MAS;35;7;02127
2815;MAS;35;17;60477
2816;MAS;25;7;60015
2817;MAS;35;12;53130
2818;MAS;25;12;55106
2819;MAS;45;14;44122
2821;MAS;18;20;10036
2822;MAS;50;7;10003
2823;MAS;25;4;02452
2824;MAS;18;4;02111
2826;MAS;35;12;10011
2827;MAS;25;17;94063
2828;MAS;18;4;02454
2829;MAS;45;20;10013
2830;MAS;35;7;94506
2831;MAS;25;0;32225
2832;MAS;25;17;20036
2833;MAS;25;15;85003
2834;MAS;35;1;33304
2835;MAS;35;20;60622
2836;MAS;25;12;07974
2837;MAS;18;0;49506
2838;MAS;18;1;95864
2839;MAS;25;17;10003
2840;MAS;25;0;60660
2841;MAS;50;12;98056
2842;MAS;35;17;30145
2844;MAS;25;20;87103
2845;MAS;25;4;74074
2847;MAS;18;4;10027
2848;MAS;25;0;47401
2849;MAS;45;11;94114
2850;MAS;18;20;94608
2852;MAS;25;12;98037
2853;MAS;1;1;444555
2855;MAS;25;4;94102
2856;MAS;35;11;22030
2857;MAS;25;0;10469
2859;MAS;18;1;95814
2860;MAS;35;17;20009
2861;MAS;25;15;06510
2862;MAS;45;7;55066
2866;MAS;25;7;53717
2867;MAS;45;17;15204
2868;MAS;35;12;94025
2869;MAS;50;17;07650
2870;MAS;50;18;95472
2872;MAS;25;20;94014
2875;MAS;25;2;10013
2876;MAS;25;17;02149
2877;MAS;35;1;80687
2879;MAS;18;4;60062
2880;MAS;18;12;55405
2882;MAS;18;20;78759
2883;MAS;18;20;30101
2886;MAS;18;4;60073
2887;MAS;25;3;66205
2888;MAS;25;14;55438
2889;MAS;35;3;55104
2890;MAS;35;7;90069
2892;MAS;25;4;84064
2893;MAS;25;1;94025
2894;MAS;18;4;44130
2895;MAS;25;11;07039
2896;MAS;18;14;60073
2897;MAS;25;5;97405
2898;MAS;18;4;02453
2899;MAS;35;14;94133
2900;MAS;18;12;95120
2901;MAS;25;17;78749
2902;MAS;25;12;98007
2903;MAS;25;16;20850
2904;MAS;25;4;16802
2905;MAS;35;17;55407
2906;MAS;35;19;55421
2908;MAS;18;2;74403
2909;MAS;25;7;43228
2910;MAS;1;19;75602
2914;MAS;25;4;92614
2915;MAS;25;7;23423
2916;MAS;45;2;98011
2917;MAS;25;0;60201
2918;MAS;25;12;98112
2919;MAS;18;17;88076
2920;MAS;25;2;55116
2921;MAS;50;1;53221
2922;MAS;25;17;52402
2923;MAS;35;12;44256
2927;MAS;25;12;24060
2928;MAS;25;2;90068
2929;MAS;18;2;60614
2930;MAS;50;17;45420
2931;MAS;18;4;16803
2932;MAS;25;12;55346
2933;MAS;35;11;32082
2935;MAS;25;0;55126
2940;MAS;25;0;02143
2941;MAS;35;12;98033
2943;MAS;35;12;95864
2946;MAS;35;16;92630
2948;MAS;18;14;48185
2949;MAS;25;17;98033
2950;MAS;18;0;72761
2952;MAS;25;4;06511
2953;MAS;25;20;23225
2954;MAS;18;2;11435
2955;MAS;35;14;92025
2956;MAS;25;12;50265
2957;MAS;18;4;48104
2958;MAS;25;7;91911
2959;MAS;35;17;06074
2960;MAS;18;4;48104
2961;MAS;50;17;91977
2962;MAS;35;3;94109
2964;MAS;25;17;07030
2967;MAS;25;0;94110
2969;MAS;25;7;06851
2970;MAS;18;4;48104
2971;MAS;25;4;48104
2972;MAS;25;4;97330
2974;MAS;18;4;48105
2975;MAS;35;11;20879
2976;MAS;18;20;86001
2978;MAS;35;20;45236
2979;MAS;35;2;45243
2980;MAS;45;7;91766
2981;MAS;45;6;52556
2982;MAS;25;4;54902
2983;MAS;18;4;97850
2984;MAS;25;4;48105
2985;MAS;18;4;97333
2986;MAS;25;4;24060
2987;MAS;18;4;15213
2989;MAS;35;12;97330
2990;MAS;35;12;45243
2991;MAS;50;1;48105
2992;MAS;18;4;14853
2993;MAS;18;19;12133
2994;MAS;35;5;95008
2995;MAS;25;15;97333
2996;MAS;18;0;63011
2999;MAS;25;7;33813
3000;MAS;25;4;55408
3001;MAS;18;4;94704
3002;MAS;45;11;90028
3003;MAS;18;15;94606
3005;MAS;25;17;94133
3006;MAS;18;4;45750
3007;MAS;35;0;33174
3008;MAS;18;4;94403
3010;MAS;25;12;78759
3011;MAS;25;1;10003
3012;MAS;25;12;78660
3013;MAS;45;17;97124
3014;MAS;35;7;06430
3015;MAS;56;6;62707
3016;MAS;18;12;78759
3018;MAS;35;0;45242
3019;MAS;50;12;97330
3022;MAS;25;17;78730
3024;MAS;35;17;14302
3027;MAS;18;4;85719
3028;MAS;1;10;12701
3029;MAS;18;4;92037
3030;MAS;35;1;48103
3031;MAS;18;4;48135
3032;MAS;25;0;47303
3033;MAS;18;4;02906
3036;MAS;56;13;14843
3040;MAS;25;8;22046
3041;MAS;25;4;97333
3042;MAS;56;1;49042
3043;MAS;18;2;90069
3044;MAS;35;16;77301
3045;MAS;45;1;90631
3046;MAS;1;4;46311
3048;MAS;18;2;02066
3050;MAS;35;12;94025
3051;MAS;18;17;94063
3052;MAS;35;12;10036
3054;MAS;18;4;44056
3056;MAS;25;18;10309
3058;MAS;18;12;55123
3059;MAS;35;0;75023
3061;MAS;45;2;29440
3062;MAS;18;4;03106
3063;MAS;18;4;03106
3064;MAS;35;17;90026
3066;MAS;18;4;61801
3069;MAS;18;4;97470
3071;MAS;25;1;02115
3072;MAS;50;1;55126
3073;MAS;25;0;90028
3074;MAS;25;0;23451
3076;MAS;35;17;30024
3077;MAS;18;4;43202
3080;MAS;25;20;55410
3081;MAS;25;7;77252
3084;MAS;25;16;01581
3085;MAS;25;4;78703
3086;MAS;18;12;98105
3089;MAS;45;16;93448
3090;MAS;25;2;90004
3092;MAS;35;15;98108
3094;MAS;35;0;30030
3098;MAS;25;4;55112
3099;MAS;25;17;20910
3101;MAS;18;15;91101
3102;MAS;25;12;34170
3103;MAS;25;20;64112
3104;MAS;18;17;02118
3105;MAS;35;12;98166
3106;MAS;25;0;33142
3107;MAS;25;17;92656
3108;MAS;50;6;22039
3110;MAS;25;0;10002
3111;MAS;18;4;56520
3112;MAS;18;12;98133
3113;MAS;25;10;55414
3114;MAS;18;5;65211
3115;MAS;35;17;48323
3116;MAS;25;12;98034
3117;MAS;35;0;83704
3118;MAS;25;0;77025
3119;MAS;45;1;37027
3120;MAS;18;4;55414
3121;MAS;25;2;32118
3123;MAS;25;2;90401
3124;MAS;25;12;30337
3125;MAS;25;7;10025
3126;MAS;25;2;32118
3128;MAS;18;2;10012
3129;MAS;25;7;21117
3130;MAS;25;7;32835
3132;MAS;35;7;98467
3133;MAS;18;4;33720
3134;MAS;18;4;55455
3135;MAS;25;15;12345
3137;MAS;25;11;11217
3138;MAS;35;17;46229
3139;MAS;56;13;89128
3141;MAS;25;14;81679
3142;MAS;25;20;85719
3145;MAS;18;4;02138
3146;MAS;25;0;31605
3147;MAS;25;14;49355
3148;MAS;18;20;72837
3149;MAS;18;4;92602
3152;MAS;18;4;61801
3155;MAS;25;7;55112
3156;MAS;35;7;07663
3157;MAS;25;12;92880
3158;MAS;25;15;15217
3160;MAS;25;17;77521
3161;MAS;25;7;55408
3162;MAS;25;1;08854-3115
3163;MAS;18;15;95616
3164;MAS;18;12;55118
3165;MAS;35;7;60611
3166;MAS;18;4;32607
3167;MAS;25;2;77056
3169;MAS;50;0;23518
3170;MAS;25;0;08461
3172;MAS;18;12;55408
3173;MAS;25;12;55317
3175;MAS;35;16;10014
3176;MAS;25;17;95129
3180;MAS;25;14;07430
3181;MAS;25;12;07436
3182;MAS;25;12;12866
3183;MAS;50;7;60510
3185;MAS;18;7;55337
3186;MAS;50;1;92122
3187;MAS;35;12;32935
3188;MAS;56;13;55344
3189;MAS;25;16;90292
3190;MAS;1;17;97062
3191;MAS;25;12;27707
3192;MAS;18;4;02912
3193;MAS;25;0;92019
3194;MAS;25;15;92648
3195;MAS;18;4;80228
3198;MAS;25;12;94110
3199;MAS;18;0;57106
3201;MAS;45;7;35216
3203;MAS;35;0;90254
3204;MAS;45;16;80304
3206;MAS;18;20;44089
3207;MAS;35;7;60610
3208;MAS;25;14;30342
3209;MAS;25;0;21555
3211;MAS;50;16;20015
3216;MAS;35;1;54481
3218;MAS;56;6;48070
3220;MAS;35;7;54016
3221;MAS;25;0;19106
3222;MAS;35;7;10583
3223;MAS;25;20;10014
3225;MAS;18;0;15237
3226;MAS;35;4;10027
3228;MAS;25;14;05448
3230;MAS;35;16;92630
3231;MAS;25;7;55112
3232;MAS;35;12;92821
3233;MAS;50;2;60660
3235;MAS;18;4;87801
3236;MAS;18;15;87111
3237;MAS;35;7;05401
3238;MAS;35;7;10069
3240;MAS;18;4;55403
3242;MAS;50;13;94089
3243;MAS;25;12;98117
3245;MAS;18;2;08820
3247;MAS;35;15;92649
3250;MAS;25;4;90069
3251;MAS;35;17;15330
3252;MAS;50;0;76067
3256;MAS;25;15;92111
3257;MAS;25;14;94105
3258;MAS;45;6;02339
3260;MAS;25;4;44514
3261;MAS;45;20;87505
3262;MAS;25;14;55391
3263;MAS;50;11;66048
3265;MAS;25;15;53704
3267;MAS;25;4;78705
3268;MAS;25;12;04106
3270;MAS;18;11;45220
3272;MAS;35;0;08330
3273;MAS;35;7;11201
3274;MAS;25;20;02062
3275;MAS;35;7;10028
3276;MAS;25;20;55391
3277;MAS;25;17;94107
3278;MAS;35;7;10014
3279;MAS;45;15;92880
3280;MAS;25;7;33486
3281;MAS;25;17;79705
3282;MAS;45;3;20009
3283;MAS;35;16;66208
3284;MAS;25;6;48197
3285;MAS;25;4;44706
3287;MAS;56;13;27514-3540
3288;MAS;25;14;94133
3289;MAS;45;6;95695
3290;MAS;25;14;90292
3293;MAS;45;14;37343
3294;MAS;18;4;78749
3295;MAS;18;18;92123
3296;MAS;18;14;90292
3297;MAS;18;4;91325
3298;MAS;1;10;20876
3300;MAS;35;5;19119
3302;MAS;25;17;74074
3303;MAS;56;17;06405
3305;MAS;56;20;94708
3306;MAS;45;14;60045
3307;MAS;50;6;90640
3309;MAS;25;17;20707
3310;MAS;45;14;12561
3311;MAS;25;4;90039
3313;MAS;35;20;90292
3314;MAS;25;7;06516
3315;MAS;25;12;78731
3316;MAS;1;19;92557
3317;MAS;25;4;78705
3318;MAS;56;13;30047
3320;MAS;25;1;56082
3321;MAS;35;1;95380
3323;MAS;35;14;11784
3324;MAS;35;17;48083
3326;MAS;45;7;64138
3327;MAS;18;12;91423
3328;MAS;56;19;91790-1161
3329;MAS;50;18;72601
3332;MAS;25;7;06854
3333;MAS;18;16;29404-2205
3334;MAS;35;0;09142
3335;MAS;25;0;10023
3336;MAS;35;17;93436
3337;MAS;25;4;97214
3338;MAS;45;16;08053
3339;MAS;25;17;44118
3340;MAS;45;16;48097
3341;MAS;25;20;91730
3344;MAS;35;0;08902
3345;MAS;25;7;18655
3346;MAS;35;7;54016
3348;MAS;45;16;94546
3352;MAS;35;0;30533
3353;MAS;35;17;92688
3354;MAS;25;7;18615
3355;MAS;25;1;400060
3356;MAS;35;7;95031
3357;MAS;25;18;64055
3359;MAS;25;20;22936
3361;MAS;25;4;91790
3364;MAS;56;13;17033
3365;MAS;50;17;23059
3366;MAS;35;14;08750
3367;MAS;50;16;10025
3368;MAS;25;14;55435
3369;MAS;45;18;14701
3370;MAS;18;4;92833
3371;MAS;25;2;55405
3372;MAS;56;13;55118
3373;MAS;18;16;94709
3374;MAS;35;5;64801
3375;MAS;25;4;89193
3376;MAS;35;16;10803
3377;MAS;25;17;03570
3378;MAS;18;4;48135
3379;MAS;35;1;20037
3380;MAS;50;0;20815
3381;MAS;25;0;96671
3383;MAS;56;16;03070
3384;MAS;35;7;91304
3386;MAS;18;4;55414
3387;MAS;18;1;94706
3389;MAS;18;0;13603
3391;MAS;18;4;48135
3392;MAS;50;6;08108
3393;MAS;35;12;60563
3394;MAS;35;7;90069
3395;MAS;25;7;02134
3396;MAS;25;12;15217
3397;MAS;25;5;55414
3398;MAS;18;20;30033
3399;MAS;25;4;14623
3400;MAS;25;14;08742
3401;MAS;35;7;76109
3402;MAS;35;20;30306
3403;MAS;35;5;48342
3404;MAS;25;8;95380
3405;MAS;35;14;92084
3408;MAS;25;17;14830
3409;MAS;25;4;48127
3410;MAS;35;1;20653
3411;MAS;18;4;02139
3412;MAS;25;18;85213
3414;MAS;25;17;75146
3415;MAS;35;7;80129
3416;MAS;25;12;20850
3419;MAS;45;1;16801
3421;MAS;45;7;94501
3422;MAS;25;5;43221
3423;MAS;25;7;84088
3424;MAS;25;6;92111
3425;MAS;18;20;48135
3426;MAS;25;20;90046
3427;MAS;25;14;78267
3428;MAS;45;1;47933
3432;MAS;25;12;27410
3433;MAS;18;12;55113
3434;MAS;18;4;48867
3435;MAS;45;1;48867
3436;MAS;35;0;98503
3439;MAS;18;17;76116
3440;MAS;56;17;32822
3442;MAS;18;12;20878
3444;MAS;50;14;33401
3446;MAS;25;7;30620
3447;MAS;25;12;94131
3449;MAS;25;14;02142
3450;MAS;25;5;78251
3452;MAS;25;14;07702
3453;MAS;35;7;07981
3454;MAS;18;0;92122
3456;MAS;25;17;54401
3457;MAS;25;20;19083
3458;MAS;45;0;02131
3459;MAS;18;4;76266
3460;MAS;1;4;10012
3461;MAS;35;0;95409
3463;MAS;25;15;80301
3465;MAS;25;14;45383
3466;MAS;25;14;94306
3467;MAS;25;14;55421
3468;MAS;25;20;94546
3469;MAS;45;17;02176
3470;MAS;35;17;49887
3471;MAS;18;4;80302
3472;MAS;25;6;33156
3474;MAS;35;11;10538
3475;MAS;25;14;33133
3476;MAS;50;0;44126
3478;MAS;25;7;10019
3479;MAS;18;4;78626
3480;MAS;25;0;59405
3481;MAS;18;4;94122
3482;MAS;50;17;08043
3484;MAS;18;4;28403
3485;MAS;25;0;94121
3487;MAS;18;4;60611
3488;MAS;45;17;80228
3489;MAS;18;4;60201
3490;MAS;25;0;74136
3491;MAS;25;16;28542
3492;MAS;35;7;77005
3493;MAS;25;17;61350
3494;MAS;25;1;28607
3495;MAS;18;4;94608
3496;MAS;35;5;92867
3498;MAS;25;17;28052
3499;MAS;25;3;77006
3500;MAS;35;7;20650
3503;MAS;18;4;59715
3504;MAS;18;7;02215
3506;MAS;18;12;80503
3507;MAS;25;0;02472
3508;MAS;18;4;02151
3509;MAS;18;4;02115
3511;MAS;50;0;88004
3512;MAS;18;17;02140
3513;MAS;25;16;01890
3514;MAS;18;12;30318
3515;MAS;35;3;55042
3516;MAS;18;4;42101
3517;MAS;18;12;53713
3520;MAS;25;0;40515
3521;MAS;25;0;53213
3522;MAS;18;0;97469
3523;MAS;35;7;53404
3526;MAS;35;2;62263-3004
3527;MAS;25;0;53213
3528;MAS;35;5;41144
3530;MAS;25;0;77058
3533;MAS;25;2;55344
3534;MAS;35;17;68506
3535;MAS;45;18;77630
3536;MAS;18;4;57103
3537;MAS;1;10;97402
3538;MAS;35;0;40504
3540;MAS;18;17;57106
3541;MAS;25;3;02494
3542;MAS;25;15;14803
3543;MAS;25;17;60659
3545;MAS;35;12;92507
3546;MAS;25;20;41706
3547;MAS;35;16;94108
3548;MAS;45;7;92965
3550;MAS;25;5;55447
3553;MAS;35;16;61600
3554;MAS;25;15;15203
3555;MAS;56;7;55430
3556;MAS;25;17;03038
3557;MAS;18;5;48185
3558;MAS;18;17;66044
3559;MAS;18;4;11364
3561;MAS;35;14;63304
3563;MAS;25;2;33133
3564;MAS;25;11;02169
3565;MAS;25;18;53572
3566;MAS;45;0;53818
3567;MAS;25;14;54915
3568;MAS;25;0;98503
3570;MAS;35;12;19050
3571;MAS;18;4;10044
3572;MAS;35;11;04287
3573;MAS;1;10;48867
3575;MAS;25;18;54915
3576;MAS;50;7;68046
3578;MAS;50;3;96714
3579;MAS;18;0;32219
3581;MAS;18;1;57382
3584;MAS;18;0;76543
3585;MAS;35;20;60640
3586;MAS;35;20;60640
3587;MAS;35;3;93611
3588;MAS;25;2;90068
3591;MAS;35;6;96158
3594;MAS;1;0;02322
3595;MAS;25;0;85024
3597;MAS;25;17;55446
3598;MAS;56;1;90210
3599;MAS;25;16;97378
3600;MAS;35;20;94506
3602;MAS;25;12;55443
3605;MAS;18;12;60640
3607;MAS;35;17;32506
3610;MAS;18;6;30064
3611;MAS;25;2;84321
3612;MAS;25;14;29609
3613;MAS;25;0;37205
3614;MAS;25;0;45458
3615;MAS;25;17;76028
3616;MAS;45;0;33759
3617;MAS;35;7;49034
3618;MAS;56;17;22657
3619;MAS;50;16;97116
3620;MAS;25;7;94117
3621;MAS;18;4;33023
3622;MAS;18;1;02446
3623;MAS;35;11;43209
3624;MAS;25;12;60068
3625;MAS;18;10;48439
3626;MAS;25;17;75075
3628;MAS;25;7;78731
3630;MAS;18;4;77005
3631;MAS;18;4;77005
3632;MAS;50;11;33881
3633;MAS;35;18;60441
3634;MAS;50;1;88001
3635;MAS;50;1;60062
3636;MAS;25;0;06708
3637;MAS;25;6;94127
3638;MAS;25;2;90038
3639;MAS;18;4;78250
3640;MAS;35;7;02370
3641;MAS;25;0;92008
3643;MAS;25;17;22302
3645;MAS;35;17;97232
3646;MAS;35;20;98106
3647;MAS;25;7;80202
3648;MAS;18;4;85210
3650;MAS;25;0;60611
3651;MAS;25;14;98103
3652;MAS;25;12;94608
3653;MAS;18;15;96661
3654;MAS;25;17;94901
3657;MAS;18;17;95121
3659;MAS;18;4;29649
3660;MAS;35;7;15137
3661;MAS;35;12;08852
3662;MAS;35;16;08753
3665;MAS;25;0;95903
3666;MAS;45;0;68144
3669;MAS;25;14;60148
3670;MAS;45;14;55123
3671;MAS;25;4;98102
3672;MAS;35;5;08406
3673;MAS;25;2;10003
3674;MAS;25;20;29205
3675;MAS;35;7;06680
3678;MAS;25;0;06880
3679;MAS;25;4;68108
3681;MAS;25;7;29662
3683;MAS;25;2;30606
3684;MAS;25;17;83713
3685;MAS;25;5;55100
3686;MAS;25;7;48070
3688;MAS;18;6;21202
3689;MAS;25;0;80906
3690;MAS;18;0;63116
3691;MAS;25;7;21030
3692;MAS;35;17;89147
3693;MAS;25;15;94062
3694;MAS;25;12;28227
3695;MAS;25;2;98502
3696;MAS;35;7;19149
3697;MAS;25;15;68516
3698;MAS;25;7;53202
3700;MAS;25;14;10021
3701;MAS;35;1;92614
3702;MAS;35;15;53095
3703;MAS;18;12;97402
3705;MAS;45;7;30076
3706;MAS;25;12;46725
3708;MAS;56;7;30097
3709;MAS;25;12;89502
3710;MAS;1;10;02818
3711;MAS;35;0;32506
3712;MAS;25;17;60042
3714;MAS;25;17;92111
3715;MAS;18;5;55428
3716;MAS;18;12;36115
3717;MAS;35;17;94533
3718;MAS;50;17;07728
3719;MAS;25;1;39759
3720;MAS;45;7;43065
3721;MAS;25;15;94065
3722;MAS;25;18;80538
3723;MAS;25;14;53048
3724;MAS;35;6;77083
3725;MAS;18;4;32608
3726;MAS;25;17;92882
3727;MAS;35;7;74401
3728;MAS;18;4;07030
3729;MAS;18;4;20037
3730;MAS;25;1;48911
3731;MAS;25;17;67443
3732;MAS;25;17;60153
3733;MAS;18;4;02777
3734;MAS;18;4;77840
3735;MAS;25;0;10009
3736;MAS;35;1;44242
3737;MAS;25;14;37127
3738;MAS;45;7;01904-1355
3739;MAS;56;11;48070
3740;MAS;18;5;55116
3741;MAS;25;0;96818
3742;MAS;25;0;90266
3744;MAS;25;0;60645
3746;MAS;25;5;54703
3747;MAS;45;13;89109
3748;MAS;18;4;02026
3753;MAS;25;7;42518
3754;MAS;56;7;94612
3756;MAS;18;12;53188
3757;MAS;25;7;92612
3759;MAS;35;6;54751
3760;MAS;50;0;55128
3761;MAS;25;17;27613
3762;MAS;50;6;11746
3763;MAS;25;2;98502
3764;MAS;25;1;06111
3767;MAS;25;0;94305
3768;MAS;25;4;86314
3769;MAS;25;15;02446
3771;MAS;25;1;14982
3772;MAS;35;17;06074
3773;MAS;35;6;50265
3774;MAS;25;0;52556
3775;MAS;35;12;14619
3777;MAS;18;4;23112
3778;MAS;25;0;61832
3780;MAS;1;0;46979
3783;MAS;25;7;97267
3791;MAS;50;18;60516
3792;MAS;25;6;68108
3793;MAS;18;4;21093
3796;MAS;45;14;02021
3797;MAS;25;7;02420
3798;MAS;25;7;48326
3799;MAS;18;0;17844
3800;MAS;18;1;45458
3801;MAS;18;12;36115
3802;MAS;18;0;94520
3804;MAS;25;6;06511
3806;MAS;18;4;55104
3808;MAS;25;7;60010
3809;MAS;35;6;20650
3810;MAS;50;7;20016
3811;MAS;25;15;98103
3812;MAS;35;17;78749
3813;MAS;35;7;80910
3814;MAS;25;15;98102
3815;MAS;25;17;53406
3817;MAS;35;3;20122
3818;MAS;45;17;32837
3819;MAS;25;12;36115
3820;MAS;25;17;90804
3821;MAS;25;20;44313
3822;MAS;45;20;98027
3823;MAS;56;7;93711
3824;MAS;25;17;32308
3825;MAS;18;1;06279
3826;MAS;25;1;48105
3827;MAS;50;2;87020
3828;MAS;25;20;92101
3830;MAS;18;4;60630
3833;MAS;25;1;68516
3834;MAS;18;2;02322
3835;MAS;25;7;40515
3837;MAS;25;17;28804
3839;MAS;50;14;02651
3841;MAS;45;18;26101
3844;MAS;18;4;73071
3845;MAS;25;12;94065
3846;MAS;35;0;33884
3847;MAS;25;7;12801
3848;MAS;25;15;70809-2612
3849;MAS;35;0;14086
3850;MAS;18;3;92278
3851;MAS;25;12;60657
3852;MAS;50;16;60302
3853;MAS;25;14;92614
3854;MAS;25;14;30340
3855;MAS;25;17;20886
3857;MAS;18;14;08822
3859;MAS;25;0;89145
3860;MAS;45;17;44129
3861;MAS;18;4;12604
3862;MAS;25;17;10025
3863;MAS;25;0;94558
3864;MAS;50;20;29630
3866;MAS;45;14;63130
3867;MAS;35;3;45215
3868;MAS;18;12;73112
3869;MAS;18;17;63544
3870;MAS;25;17;95050
3871;MAS;18;4;64468
3872;MAS;25;1;14613
3874;MAS;25;7;92103
3875;MAS;25;0;66605
3876;MAS;25;0;11235
3877;MAS;45;1;33705
3878;MAS;35;16;22124
3879;MAS;25;3;83687
3880;MAS;25;7;54942
3881;MAS;18;2;44515
3882;MAS;56;14;55337
3883;MAS;50;16;78411
3884;MAS;18;4;78759
3885;MAS;25;12;92728
3886;MAS;35;7;95008
3887;MAS;18;4;80513
3888;MAS;45;17;02067
3889;MAS;45;6;66203
3890;MAS;18;4;33143
3892;MAS;25;20;91505
3893;MAS;25;6;79401
3894;MAS;35;16;02139
3896;MAS;35;0;60914
3897;MAS;56;17;92069
3898;MAS;45;11;01772
3899;MAS;25;17;02135
3901;MAS;18;14;85282
3902;MAS;25;5;46239
3903;MAS;25;0;02542
3904;MAS;1;10;48445
3905;MAS;25;17;361069
3906;MAS;50;17;54409
3908;MAS;25;0;10021
3909;MAS;18;17;19104
3910;MAS;25;20;91505
3911;MAS;18;0;92037
3912;MAS;25;4;19104
3913;MAS;18;17;40207
3914;MAS;35;4;84123
3916;MAS;25;4;02134
3918;MAS;25;18;30189
3919;MAS;45;0;73702
3920;MAS;35;17;63126
3921;MAS;25;14;95820
3922;MAS;18;4;53211
3923;MAS;35;2;92115
3924;MAS;50;12;90254
3925;MAS;25;12;77042
3926;MAS;25;2;94404
3928;MAS;25;0;55812
3929;MAS;25;5;80227
3930;MAS;56;3;52240
3931;MAS;25;5;92117
3932;MAS;25;7;49221
3934;MAS;25;0;44512
3935;MAS;35;18;72118
3937;MAS;56;2;92020
3938;MAS;25;2;92711-0571
3939;MAS;45;7;91405
3940;MAS;35;20;32708
3941;MAS;45;17;40031
3942;MAS;18;4;49855
3947;MAS;25;0;90019
3949;MAS;45;0;44266
3950;MAS;25;4;60056
3953;MAS;25;12;55117
3954;MAS;18;4;32601
3955;MAS;35;0;12831
3956;MAS;25;0;94930-2010
3957;MAS;35;11;40242
3958;MAS;45;7;46112
3961;MAS;25;1;45230
3963;MAS;50;20;30030
3964;MAS;56;16;66502
3965;MAS;18;11;65202
3966;MAS;25;0;30096
3968;MAS;25;2;02903
3969;MAS;56;7;12345
3973;MAS;25;7;60614
3974;MAS;35;0;30741
3977;MAS;35;14;22180
3978;MAS;35;13;78252
3980;MAS;25;4;66762
3982;MAS;56;13;95929
3983;MAS;25;0;30606
3984;MAS;25;7;75089
3985;MAS;45;16;01880
3986;MAS;25;7;33324
3989;MAS;50;12;30030
3990;MAS;25;16;17350
3991;MAS;25;7;33309
3992;MAS;25;4;32653
3993;MAS;25;0;22015
3994;MAS;50;7;43081
3995;MAS;35;17;22810
3996;MAS;18;14;32825
3997;MAS;35;17;45255
3998;MAS;45;0;74354
3999;MAS;35;17;30701
4000;MAS;35;7;08876
4002;MAS;45;16;20880
4003;MAS;56;13;46143
4004;MAS;50;0;21050
4005;MAS;35;7;12110
4006;MAS;1;7;48038
4007;MAS;35;12;88005
4008;MAS;18;1;92802
4009;MAS;18;7;44039
4010;MAS;25;14;94533
4011;MAS;25;17;85210
4012;MAS;18;4;49503-1313
4013;MAS;25;1;77803
4014;MAS;25;0;48316-5601
4016;MAS;50;0;33901
4017;MAS;25;14;17972
4019;MAS;35;17;54601
4020;MAS;25;6;77034
4021;MAS;50;20;95236
4022;MAS;35;14;53403
4024;MAS;25;5;45011
4026;MAS;25;7;68164
4028;MAS;25;4;02140
4030;MAS;35;7;89128
4031;MAS;25;0;42445
4032;MAS;25;12;56301
4033;MAS;25;6;43551
4034;MAS;25;0;21113
4035;MAS;18;4;45251
4036;MAS;25;1;46530
4037;MAS;50;16;80206
4038;MAS;50;6;11510-2001
4039;MAS;25;16;97401
4040;MAS;25;20;75006
4041;MAS;18;3;48005
4042;MAS;35;15;94002
4045;MAS;56;13;40511
4046;MAS;45;17;53545
4047;MAS;18;4;30606
4049;MAS;45;11;33133
4050;MAS;35;6;60061
4051;MAS;18;14;01604
4052;MAS;25;2;43551
4053;MAS;25;18;36264
4054;MAS;35;3;68122
4055;MAS;50;0;98826
4056;MAS;1;10;28270
4057;MAS;35;6;18249
4058;MAS;25;6;73118
4059;MAS;25;14;80232
4060;MAS;25;18;55412
4061;MAS;50;6;32726
4062;MAS;25;7;60559
4064;MAS;45;0;20851
4066;MAS;25;0;19010
4067;MAS;45;20;91607
4068;MAS;56;3;89185
4069;MAS;35;15;19406
4070;MAS;25;15;93107
4071;MAS;25;17;33823
4072;MAS;50;6;93111
4073;MAS;25;6;70003
4074;MAS;35;6;78746
4075;MAS;25;16;47901
4076;MAS;25;17;55344
4078;MAS;25;15;28226
4079;MAS;35;17;26505
4080;MAS;35;1;48912
4081;MAS;18;12;19403
4082;MAS;25;20;79912
4083;MAS;56;14;92630
4084;MAS;56;13;14215
4087;MAS;1;4;63376
4088;MAS;25;3;77057
4089;MAS;25;7;79416
4090;MAS;56;6;77379
4091;MAS;25;17;55410
4093;MAS;25;4;70806
4094;MAS;25;17;49017
4095;MAS;25;0;10013
4096;MAS;25;15;60004
4097;MAS;25;7;63366
4098;MAS;35;7;53150
4099;MAS;35;17;94954
4100;MAS;56;6;77096
4101;MAS;18;4;23233
4102;MAS;1;10;48655
4103;MAS;18;16;11211
4104;MAS;18;16;42141
4105;MAS;50;7;34243
4106;MAS;25;16;95437
4108;MAS;35;17;77536
4109;MAS;35;3;97202
4111;MAS;25;15;32603
4112;MAS;45;18;47129
4113;MAS;35;17;58503
4114;MAS;35;14;48187
4115;MAS;25;15;99353
4116;MAS;35;7;07040
4117;MAS;18;4;43551
4118;MAS;25;3;91221
4119;MAS;50;1;39401
4120;MAS;25;16;71118
4121;MAS;45;7;08876
4122;MAS;18;19;82070
4124;MAS;25;18;62330-1408
4125;MAS;35;2;13676
4126;MAS;25;17;53188
4127;MAS;50;17;16803
4128;MAS;35;6;60025
4129;MAS;56;11;12144
4130;MAS;35;6;48439
4131;MAS;45;7;97720
4132;MAS;25;17;80112
4133;MAS;45;4;77009
4135;MAS;1;10;46321
4136;MAS;50;16;60056
4137;MAS;25;7;91941
4138;MAS;25;7;91423
4139;MAS;56;14;40207
4140;MAS;25;0;32112
4141;MAS;35;17;95014
4142;MAS;56;7;01040
4144;MAS;18;4;02451
4146;MAS;35;17;44301
4149;MAS;35;1;32792
4150;MAS;25;0;29672
4151;MAS;45;20;43201
4152;MAS;25;14;74114
4153;MAS;50;17;16801
4154;MAS;25;1;29440
4155;MAS;50;17;85712
4156;MAS;56;20;95123
4157;MAS;50;18;97321
4160;MAS;35;20;10027
4161;MAS;45;0;90404
4163;MAS;56;7;08901
4164;MAS;35;1;50677
4167;MAS;25;20;22032
4169;MAS;50;0;66048
4170;MAS;45;7;53713
4171;MAS;56;16;79705
4172;MAS;35;7;19901
4175;MAS;35;0;66204
4176;MAS;45;7;19008
4177;MAS;35;17;90680
4180;MAS;56;13;13502
4182;MAS;25;18;80903
4183;MAS;25;1;91730
4184;MAS;50;7;32114
4185;MAS;25;14;90274
4186;MAS;25;7;33308
4188;MAS;50;7;74137
4189;MAS;35;14;91364
4190;MAS;45;17;89108
4192;MAS;35;17;77521
4193;MAS;56;13;93907
4194;MAS;18;4;60637
4196;MAS;35;14;14221
4198;MAS;18;4;80631
4200;MAS;45;7;10543
4202;MAS;25;7;21234
4203;MAS;25;18;58270
4204;MAS;35;7;06905
4207;MAS;35;1;90731
4209;MAS;56;0;37363
4210;MAS;25;17;85710
4211;MAS;45;5;77662
4212;MAS;56;18;56716
4213;MAS;35;7;63125
4215;MAS;25;7;77006
4216;MAS;25;17;01752
4217;MAS;18;4;18042
4218;MAS;50;17;23233
4219;MAS;35;17;95125
4220;MAS;35;0;97225
4221;MAS;35;4;53818
4227;MAS;25;19;11414-2520
4228;MAS;50;18;20706
4229;MAS;35;17;94010
4230;MAS;56;13;34235
4233;MAS;35;4;37917
4235;MAS;50;2;90029
4237;MAS;25;14;77450
4238;MAS;35;16;44691
4239;MAS;50;7;52402
4240;MAS;35;17;55330
4241;MAS;35;7;11767
4242;MAS;50;7;78704
4243;MAS;56;7;32137
4244;MAS;35;17;48146
4245;MAS;50;12;44286
4247;MAS;25;4;82601
4248;MAS;25;4;26508
4251;MAS;45;7;60139
4253;MAS;45;11;03301
4254;MAS;25;17;38654
4255;MAS;50;12;13041
4257;MAS;50;16;38122
4258;MAS;25;17;19711
4259;MAS;35;17;45380
4260;MAS;25;16;59079
4263;MAS;25;7;40205
4264;MAS;45;1;60102
4265;MAS;25;12;03060
4266;MAS;56;13;78681
4267;MAS;35;7;02171
4269;MAS;35;18;27603
4270;MAS;45;7;13211
4271;MAS;35;7;83405
4272;MAS;45;17;37923
4273;MAS;45;13;30030
4277;MAS;35;16;98133
4279;MAS;25;16;43215
4280;MAS;35;17;27587
4281;MAS;56;13;92120
4282;MAS;35;0;15801
4284;MAS;50;7;40601
4285;MAS;35;0;62704
4286;MAS;35;17;11554
4287;MAS;25;7;35244
4289;MAS;35;14;32068
4290;MAS;25;17;98661
4291;MAS;35;14;98125
4292;MAS;25;0;98178
4294;MAS;1;10;75633
4295;MAS;18;18;90605
4296;MAS;56;6;33030
4297;MAS;45;15;55391
4301;MAS;35;11;38135
4302;MAS;50;1;45385
4303;MAS;25;2;91910
4304;MAS;18;0;46250
4306;MAS;45;7;67301
4307;MAS;25;0;94122
4308;MAS;25;0;33702
4309;MAS;25;0;36301
4310;MAS;25;4;57006
4311;MAS;50;13;68502
4312;MAS;25;18;78757
4314;MAS;25;17;79925
4315;MAS;18;4;44266
4316;MAS;25;6;75080
4318;MAS;25;5;02891
4319;MAS;35;7;44125
4320;MAS;25;5;89114
4321;MAS;45;7;80525
4323;MAS;18;4;82072
4324;MAS;25;5;60010
4325;MAS;25;0;30082
4327;MAS;35;17;37221
4328;MAS;50;3;75650
4331;MAS;35;6;45011
4333;MAS;50;2;33134
4334;MAS;25;1;70458
4335;MAS;35;0;74011
4337;MAS;18;20;76135
4339;MAS;25;2;78748
4341;MAS;35;17;33433
4342;MAS;25;0;66614
4343;MAS;25;12;75007
4344;MAS;25;1;44240
4346;MAS;18;17;45701
4348;MAS;45;0;30189
4349;MAS;18;2;95843
4350;MAS;18;2;29118
4351;MAS;25;12;37919
4352;MAS;18;4;11010
4353;MAS;25;7;11215
4354;MAS;35;14;78611
4355;MAS;50;14;08028
4356;MAS;35;16;85730
4358;MAS;35;17;04457
4359;MAS;18;4;33168
4361;MAS;35;15;83616
4362;MAS;25;17;85016
4363;MAS;35;14;91602
4364;MAS;25;18;98001
4366;MAS;18;15;02215
4367;MAS;35;0;52057
4368;MAS;18;17;22043
4369;MAS;50;7;30306
4370;MAS;25;16;07701
4372;MAS;35;17;75010
4373;MAS;50;12;32920
4374;MAS;18;4;43201
4377;MAS;25;0;32444
4378;MAS;18;17;06040
4379;MAS;25;4;27278
4381;MAS;25;4;65804
4382;MAS;25;18;14620
4384;MAS;25;0;43623
4385;MAS;25;4;93940
4386;MAS;25;5;74055
4388;MAS;45;3;75074
4389;MAS;25;4;48072
4390;MAS;25;0;11201
4392;MAS;18;4;43402
4393;MAS;18;4;43402
4394;MAS;25;4;43402
4395;MAS;50;6;43402
4396;MAS;18;1;44221
4397;MAS;18;4;43402
4401;MAS;18;4;10027
4403;MAS;25;15;90066
4404;MAS;25;1;57106
4405;MAS;25;14;98103
4406;MAS;25;16;80013
4407;MAS;18;4;02143
4409;MAS;25;14;65023
4410;MAS;18;19;40475
4411;MAS;18;4;92122
4412;MAS;18;4;16802
4413;MAS;1;13;37130
4414;MAS;25;4;40504
4415;MAS;18;0;02215
4416;MAS;18;4;02134
4417;MAS;25;15;02135
4420;MAS;25;15;92557
4421;MAS;45;0;90024
4422;MAS;25;5;10463
4423;MAS;18;4;52241
4424;MAS;25;7;94109
4425;MAS;35;7;98607
4426;MAS;45;17;93401
4427;MAS;18;0;51104
4428;MAS;25;14;46940
4429;MAS;25;5;85705
4431;MAS;1;14;80401
4432;MAS;25;12;21045
4433;MAS;25;0;43081
4435;MAS;25;7;76904
4436;MAS;25;12;19067
4438;MAS;50;0;11947
4439;MAS;35;6;37664
4440;MAS;35;1;81005
4441;MAS;18;4;98105
4442;MAS;50;15;94303
4443;MAS;56;2;91321
4445;MAS;25;3;19806
4446;MAS;18;18;60435
4447;MAS;45;5;32953
4448;MAS;25;14;06880
4449;MAS;25;12;27513
4450;MAS;25;15;60611
4451;MAS;25;14;30101
4453;MAS;35;0;95667
4454;MAS;25;20;111225
4455;MAS;35;7;27511
4457;MAS;35;14;95492
4459;MAS;25;1;28027
4460;MAS;25;14;70005
4461;MAS;25;20;81101
4463;MAS;50;7;07405
4465;MAS;18;4;02148
4466;MAS;35;11;10022
4470;MAS;35;12;15089
4471;MAS;25;6;94108
4473;MAS;35;1;94121
4474;MAS;35;7;28805
4475;MAS;18;4;10020
4476;MAS;45;1;50588
4477;MAS;25;7;98908
4478;MAS;1;12;02138
4479;MAS;50;13;33015
4480;MAS;25;0;94403
4481;MAS;25;18;26104
4485;MAS;25;4;64112
4486;MAS;35;8;98674
4487;MAS;25;7;01850
4488;MAS;35;7;72703
4489;MAS;18;4;78613
4490;MAS;35;5;70123
4491;MAS;18;4;52405
4492;MAS;56;13;45322-3132
4494;MAS;45;0;33460
4495;MAS;18;4;22906
4496;MAS;45;2;06513
4497;MAS;50;0;29678
4498;MAS;50;7;76054
4499;MAS;25;6;62702
4500;MAS;50;7;76054
4501;MAS;25;17;94118
4502;MAS;50;0;01379
4503;MAS;56;1;85374
4505;MAS;50;7;39648
4506;MAS;50;16;29464
4507;MAS;18;4;61820
4508;MAS;25;20;15701
4509;MAS;25;7;38261
4510;MAS;45;7;92503
4511;MAS;35;7;62234
4512;MAS;25;1;16508
4513;MAS;56;0;61704
4514;MAS;18;3;48604
4515;MAS;56;13;29449
4516;MAS;18;4;53142
4518;MAS;25;0;80903
4519;MAS;50;7;38135
4520;MAS;25;4;45810
4521;MAS;35;12;15202
4522;MAS;45;1;81004
4523;MAS;18;2;55304
4524;MAS;25;2;55113
4525;MAS;25;14;10021
4526;MAS;25;20;10012
4527;MAS;18;0;38111
4528;MAS;25;14;27605
4529;MAS;35;6;84102
4531;MAS;18;4;85701
4532;MAS;25;7;10025
4533;MAS;25;12;53045
4534;MAS;18;4;72202
4535;MAS;18;19;17517
4536;MAS;18;12;53715
4538;MAS;25;12;0956456
4539;MAS;35;19;01054
4541;MAS;1;10;55427
4542;MAS;35;0;94610
4543;MAS;25;2;11105
4544;MAS;56;1;53705
4545;MAS;25;16;47274
4546;MAS;25;7;49686
4547;MAS;18;12;02115
4548;MAS;18;2;27514
4550;MAS;18;16;24541
4551;MAS;18;12;60622
4552;MAS;25;0;22306
4556;MAS;45;16;55011
4557;MAS;25;14;02134
4558;MAS;35;14;48217
4559;MAS;25;7;05346
4560;MAS;25;0;69301
4562;MAS;35;10;94133
4564;MAS;35;12;19107
4565;MAS;35;14;94085
4566;MAS;35;17;19473
4567;MAS;18;4;98105
4569;MAS;25;0;21532
4570;MAS;45;17;60185
4571;MAS;35;7;21013
4573;MAS;50;16;11963
4574;MAS;25;4;60614
4577;MAS;35;7;48306
4578;MAS;25;0;02134
4581;MAS;25;1;19103
4583;MAS;50;1;48371
4585;MAS;35;7;30324
4586;MAS;25;4;01604
4587;MAS;35;14;07920
4589;MAS;25;17;02139
4591;MAS;25;15;02143
4592;MAS;18;4;66044
4594;MAS;35;16;55303
4595;MAS;25;18;97034
4600;MAS;25;0;46240
4601;MAS;35;14;55415
4602;MAS;35;7;10021
4604;MAS;25;15;10461
4605;MAS;25;15;92656
4607;MAS;25;0;27403
4613;MAS;25;12;41042
4615;MAS;25;17;61615
4616;MAS;25;20;11717
4618;MAS;25;14;97202
4621;MAS;25;4;94305
4622;MAS;25;12;55433
4623;MAS;25;16;22207
4624;MAS;25;12;84062
4625;MAS;25;7;92691
4626;MAS;25;14;97219
4627;MAS;56;1;45224
4631;MAS;18;4;94111
4632;MAS;25;0;98040
4633;MAS;1;0;48302
4634;MAS;50;20;98119
4635;MAS;18;4;94703
4636;MAS;18;2;10010
4638;MAS;25;4;55417
4639;MAS;35;11;20895
4640;MAS;25;4;55417
4641;MAS;25;7;20016
4642;MAS;25;0;44691
4643;MAS;25;0;98115
4644;MAS;50;1;19481
4647;MAS;35;20;80222
4648;MAS;18;4;73071
4649;MAS;56;13;10025
4650;MAS;25;7;30041
4653;MAS;35;12;95051
4654;MAS;35;20;94574
4656;MAS;25;17;94041
4657;MAS;45;14;55416
4658;MAS;25;4;99163
4661;MAS;45;15;85255
4663;MAS;25;4;92037
4665;MAS;35;2;03431
4666;MAS;35;1;53704
4667;MAS;25;14;94117
4668;MAS;35;14;74012
4669;MAS;35;7;19004
4670;MAS;35;5;91343
4671;MAS;25;12;94043
4672;MAS;56;13;94306
4673;MAS;35;16;94705
4676;MAS;45;14;46038
4677;MAS;50;6;05055
4678;MAS;35;2;90292
4679;MAS;56;13;76051
4680;MAS;35;0;04473
4682;MAS;25;7;05346
4683;MAS;25;0;22101
4685;MAS;35;1;55454
4686;MAS;18;1;50201
4687;MAS;35;14;01746
4688;MAS;25;9;44310
4689;MAS;18;12;02215
4693;MAS;18;1;60626
4694;MAS;56;7;40505
4695;MAS;18;18;56002
4696;MAS;18;12;10027
4697;MAS;18;10;79605
4701;MAS;45;17;18036
4702;MAS;25;11;13031
4703;MAS;25;7;02035
4704;MAS;18;20;02601
4706;MAS;25;14;68502
4707;MAS;1;0;92804
4708;MAS;25;0;60647
4709;MAS;45;0;06804
4711;MAS;25;17;32250
4712;MAS;35;17;03824
4713;MAS;25;17;90245
4714;MAS;50;1;55405
4715;MAS;25;2;97205
4717;MAS;45;17;48310
4718;MAS;35;7;03885
4720;MAS;25;2;90035
4721;MAS;35;11;95405
4722;MAS;35;12;55122
4723;MAS;35;7;90014-1718
4725;MAS;35;5;96707-1321
4728;MAS;25;19;31401
4729;MAS;50;16;55347
4730;MAS;50;11;04102
4731;MAS;25;17;98033
4732;MAS;25;14;24450
4733;MAS;18;18;52301
4734;MAS;50;1;93105
4735;MAS;45;3;50312
4736;MAS;18;20;91505
4737;MAS;35;16;19003
4738;MAS;56;1;23608
4739;MAS;25;3;32580
4741;MAS;35;7;15203
4742;MAS;25;3;94118
4743;MAS;56;13;63122
4744;MAS;50;15;12740
4746;MAS;50;1;19087-3622
4747;MAS;18;4;26201
4748;MAS;45;16;60302
4749;MAS;45;0;23462
4751;MAS;50;15;02474
4753;MAS;56;1;03825
4756;MAS;56;16;55901
4757;MAS;35;17;23451
4760;MAS;35;17;06110
4761;MAS;18;15;21042
4763;MAS;56;11;04259
4764;MAS;1;10;03608
4766;MAS;35;16;10014
4768;MAS;25;4;22030
4769;MAS;25;1;02571
4772;MAS;56;17;03801
4773;MAS;45;1;22314
4774;MAS;45;14;07458
4775;MAS;25;17;23462
4777;MAS;25;2;46142
4778;MAS;25;0;46227
4779;MAS;45;3;04011
4780;MAS;25;12;94114
4782;MAS;45;1;78212
4783;MAS;25;0;60618
4786;MAS;45;6;22630
4787;MAS;1;11;94610
4788;MAS;35;7;85331
4789;MAS;35;2;55104
4791;MAS;18;4;55116
4795;MAS;45;16;10962
4796;MAS;35;7;98103
4798;MAS;25;1;19335
4800;MAS;18;4;80521
4801;MAS;25;4;30349
4802;MAS;56;1;40601
4805;MAS;35;1;45750
4806;MAS;25;17;90031
4807;MAS;1;2;04101
4808;MAS;35;0;96707-1321
4810;MAS;18;12;80526
4811;MAS;35;1;01773
4812;MAS;18;14;25301
4814;MAS;18;14;80526
4817;MAS;25;1;20912
4819;MAS;35;18;17350
4820;MAS;50;11;04210
4821;MAS;18;19;75080
4823;MAS;18;4;46219
4824;MAS;25;7;55411
4825;MAS;25;17;94602
4826;MAS;45;12;55436
4827;MAS;35;0;13045
4829;MAS;25;0;20008
4830;MAS;1;10;55317
4832;MAS;25;14;17857
4833;MAS;35;16;81321
4835;MAS;25;20;14450
4837;MAS;25;5;46254
4838;MAS;45;1;48309
4841;MAS;25;12;94114
4843;MAS;56;1;04032
4844;MAS;45;7;03840
4847;MAS;25;12;94131
4851;MAS;18;17;44406
4852;MAS;35;0;42025
4853;MAS;25;7;55346
4855;MAS;25;12;90034
4856;MAS;25;7;94110
4857;MAS;25;14;23434
4858;MAS;25;1;04086
4860;MAS;25;2;60640
4861;MAS;25;4;04309
4862;MAS;25;0;94086
4864;MAS;18;20;63132
4866;MAS;56;12;04085
4867;MAS;25;16;04101
4868;MAS;35;17;03820
4871;MAS;18;12;04096
4872;MAS;45;1;03909
4873;MAS;56;11;13760
4875;MAS;35;0;97403
4877;MAS;25;4;94703
4878;MAS;50;4;94070
4879;MAS;25;3;60626
4881;MAS;45;16;55406
4882;MAS;45;11;03301
4884;MAS;35;14;90266
4885;MAS;56;1;23513
4887;MAS;18;2;19072
4889;MAS;18;4;63108
4891;MAS;35;17;94132
4892;MAS;25;12;55405
4893;MAS;25;17;48092
4894;MAS;35;7;14607
4896;MAS;35;6;84103
4897;MAS;35;16;16844
4898;MAS;25;1;27713
4899;MAS;25;12;94402
4900;MAS;25;20;33626
4901;MAS;25;7;11228
4902;MAS;35;14;84057
4903;MAS;35;12;95952
4904;MAS;50;15;63121
4906;MAS;50;17;49506
4908;MAS;35;15;85282
4910;MAS;18;12;84041
4915;MAS;25;12;91423
4916;MAS;18;20;85054
4917;MAS;45;0;27312
4919;MAS;18;0;84058
4920;MAS;35;1;02144
4922;MAS;18;17;98121
4923;MAS;45;18;99826
4926;MAS;1;10;55616
4927;MAS;45;0;97520
4929;MAS;45;1;63105
4930;MAS;50;17;63033
4931;MAS;50;17;90031
4932;MAS;25;7;63303
4933;MAS;25;15;94040
4935;MAS;35;17;62958
4937;MAS;35;0;02108
4939;MAS;25;7;63105
4941;MAS;56;20;44281
4942;MAS;45;12;40515
4944;MAS;50;17;14568
4945;MAS;50;0;62234
4947;MAS;35;17;90035
4948;MAS;45;2;94618
4949;MAS;18;4;55104
4950;MAS;25;16;55421
4953;MAS;35;12;55082
4954;MAS;45;0;92679
4955;MAS;56;13;55804
4956;MAS;35;15;77007
4957;MAS;25;2;48197
4958;MAS;18;7;55403
4959;MAS;25;17;23454
4960;MAS;56;1;55116
4961;MAS;25;7;46220
4962;MAS;25;6;55439
4963;MAS;45;17;94931
4964;MAS;35;0;94110
4965;MAS;1;10;63123-1507
4966;MAS;50;14;55407
4967;MAS;18;4;94708
4969;MAS;18;19;94111
4971;MAS;35;7;94086
4972;MAS;35;0;95118
4974;MAS;35;20;94131
4975;MAS;35;0;90065
4976;MAS;25;11;65775
4977;MAS;25;4;92507
4978;MAS;35;14;68108
4979;MAS;35;2;55423
4980;MAS;25;1;55403
4981;MAS;50;1;55406
4982;MAS;25;12;63043
4984;MAS;35;0;55405
4985;MAS;35;0;29063
4986;MAS;18;12;55401
4988;MAS;25;17;55105
4989;MAS;25;0;55121
4993;MAS;45;17;54022
4994;MAS;45;17;56001
4995;MAS;50;20;55419
4996;MAS;35;7;94550
4997;MAS;1;10;90210
5000;MAS;25;4;46254
5002;MAS;25;17;90505
5003;MAS;35;12;49508
5005;MAS;45;16;92807
5006;MAS;35;3;48827
5008;MAS;25;20;60615
5010;MAS;45;15;63119
5011;MAS;18;4;64154
5012;MAS;50;15;48103
5013;MAS;18;4;26241
5014;MAS;45;0;92626
5015;MAS;35;6;92672
5017;MAS;35;12;91104
5019;MAS;25;7;10025
5021;MAS;50;6;90504
5022;MAS;35;7;91001
5023;MAS;35;20;91505
5025;MAS;25;20;60615
5026;MAS;25;17;92584
5028;MAS;25;12;92404
5029;MAS;25;4;70115
5030;MAS;18;1;70006
5032;MAS;18;17;02139
5036;MAS;35;7;14850
5037;MAS;35;12;11375
5038;MAS;25;20;10010
5040;MAS;45;12;44312
5045;MAS;35;0;43081
5046;MAS;25;16;60614
5047;MAS;45;6;23452
5049;MAS;25;12;60613
5052;MAS;35;16;02536
5053;MAS;25;4;84111
5054;MAS;35;2;20818
5056;MAS;45;1;16673
5057;MAS;50;7;84093
5058;MAS;56;17;84121
5059;MAS;45;16;22652
5060;MAS;45;17;84109-2001
5062;MAS;50;16;65401
5064;MAS;18;4;43215
5065;MAS;25;14;28715
5067;MAS;56;13;97520
5068;MAS;35;7;19004
5070;MAS;25;2;55344
5072;MAS;45;17;97330
5073;MAS;56;2;93950
5074;MAS;1;0;20132
5075;MAS;50;6;97470
5076;MAS;25;3;19147
5077;MAS;25;2;20037
5078;MAS;45;7;19067
5079;MAS;25;4;70003
5082;MAS;35;1;23185
5083;MAS;25;4;16803
5084;MAS;18;4;10013
5085;MAS;56;17;75225
5086;MAS;25;1;23462
5088;MAS;25;17;38111
5091;MAS;25;17;19810
5092;MAS;56;14;18954
5093;MAS;50;7;19047
5094;MAS;18;10;67206
5096;MAS;25;11;75206
5097;MAS;56;16;19131
5098;MAS;50;7;19380
5099;MAS;18;0;02780
5100;MAS;50;6;193122042
5101;MAS;25;0;90069
5102;MAS;25;12;90240
5104;MAS;35;20;19108
5105;MAS;50;7;18977
5110;MAS;35;15;78250
5111;MAS;35;2;78006
5112;MAS;35;13;89128
5113;MAS;25;0;55408
5115;MAS;56;12;02143
5116;MAS;35;6;95521
5118;MAS;1;10;95123
5120;MAS;50;7;80302
5121;MAS;25;7;91608
5122;MAS;25;0;20009
5123;MAS;50;12;34761
5124;MAS;35;2;20818
5125;MAS;45;0;10016
5126;MAS;25;11;02453
5127;MAS;45;5;98502
5128;MAS;50;7;94709
5129;MAS;45;17;40515
5132;MAS;35;7;77565
5133;MAS;18;11;10028
5134;MAS;25;17;95014
5135;MAS;35;7;64055
5136;MAS;25;12;91106
5137;MAS;18;18;65265
5138;MAS;25;17;35205
5139;MAS;50;16;12866
5140;MAS;25;6;35205
5141;MAS;18;17;55423
5142;MAS;25;1;92101
5143;MAS;18;4;44502
5145;MAS;35;7;77565-2332
5146;MAS;56;1;04240
5147;MAS;18;0;48314
5148;MAS;25;20;98101
5149;MAS;35;1;10012
5150;MAS;25;3;98034
5151;MAS;18;19;30662
5153;MAS;25;7;60046
5154;MAS;25;16;20007
5155;MAS;25;16;33301
5156;MAS;18;14;10024
5157;MAS;35;1;74012
5159;MAS;35;7;37027
5161;MAS;25;4;30052
5162;MAS;25;17;94043
5163;MAS;45;6;53216
5165;MAS;35;6;91103
5166;MAS;50;6;42420
5167;MAS;18;15;06114
5168;MAS;35;7;01720
5170;MAS;18;4;63141
5171;MAS;56;17;92009
5173;MAS;1;10;60423
5174;MAS;45;1;45208
5176;MAS;1;10;60423
5177;MAS;45;14;30005
5178;MAS;50;0;45420
5179;MAS;25;12;94110
5180;MAS;35;11;85044
5181;MAS;25;7;19003
5184;MAS;18;20;67212
5186;MAS;35;12;96555
5187;MAS;18;16;06510
5192;MAS;25;7;80303
5193;MAS;35;12;14619
5194;MAS;25;7;55409
5195;MAS;35;7;80304
5196;MAS;56;7;20814
5201;MAS;50;7;95376
5202;MAS;18;4;02871
5204;MAS;50;13;56342
5205;MAS;25;1;02908
5206;MAS;35;7;91302
5207;MAS;25;0;98102
5208;MAS;25;4;55455
5209;MAS;50;1;46077
5211;MAS;25;1;40214
5212;MAS;18;2;90025
5213;MAS;18;0;31211
5216;MAS;18;2;81291
5217;MAS;25;17;01060
5218;MAS;18;0;89129
5219;MAS;18;4;94706
5220;MAS;25;7;91436
5222;MAS;25;12;94501
5223;MAS;56;10;11361
5224;MAS;35;1;10016
5225;MAS;18;4;55120
5226;MAS;35;0;98122
5227;MAS;18;10;64050
5228;MAS;1;0;75070
5229;MAS;25;0;60173
5230;MAS;25;12;91104
5231;MAS;35;7;92506
5232;MAS;25;4;14607
5233;MAS;25;5;97213
5235;MAS;25;4;14607
5236;MAS;25;14;46268
5237;MAS;25;7;55441
5239;MAS;35;7;07043
5242;MAS;25;1;14608
5243;MAS;1;10;54220
5244;MAS;18;4;01095
5250;MAS;50;6;01545
5252;MAS;25;20;60622
5254;MAS;18;4;32606
5255;MAS;1;10;55305
5256;MAS;25;16;30269
5258;MAS;35;4;58369
5259;MAS;25;6;94404
5260;MAS;35;7;78705
5261;MAS;35;12;10025
5263;MAS;35;7;40601
5264;MAS;18;4;15217
5265;MAS;45;1;97405
5266;MAS;35;1;42718
5267;MAS;35;7;20191
5269;MAS;18;0;37211
5270;MAS;25;12;87571
5272;MAS;25;7;90210
5273;MAS;56;20;91030
5274;MAS;25;0;60611
5275;MAS;25;17;60611
5277;MAS;25;20;91740
5280;MAS;18;4;12604
5281;MAS;25;2;90210
5283;MAS;18;2;63138
5284;MAS;25;16;55426
5285;MAS;18;4;55410
5286;MAS;45;16;97068
5287;MAS;25;8;85203
5288;MAS;56;13;94114
5289;MAS;45;2;94102
5291;MAS;45;1;44406
5292;MAS;25;0;97401
5293;MAS;25;12;95030
5294;MAS;25;2;60626
5295;MAS;35;7;55124
5297;MAS;25;12;19067
5298;MAS;35;17;55126
5299;MAS;25;2;43202
5300;MAS;25;20;94111
5301;MAS;25;17;00693
5307;MAS;25;5;85281
5308;MAS;56;7;27410
5309;MAS;25;0;02478
5311;MAS;50;0;62025-8000
5312;MAS;25;1;10463
5313;MAS;56;0;55406
5315;MAS;25;12;22903
5316;MAS;18;4;55104
5318;MAS;18;17;98122
5319;MAS;18;17;94941
5321;MAS;25;4;02457
5322;MAS;35;17;97330
5323;MAS;25;20;94122
5324;MAS;25;7;02150
5326;MAS;25;2;55408
5327;MAS;25;7;55408
5331;MAS;35;14;06880
5332;MAS;18;4;30332
5335;MAS;25;14;75093
5336;MAS;56;7;75041
5338;MAS;25;17;27609
5339;MAS;18;17;60193
5347;MAS;25;6;53705
5348;MAS;18;5;55414
5350;MAS;18;5;55344
5353;MAS;25;6;77030
5355;MAS;56;0;78232
5356;MAS;45;0;78703
5358;MAS;35;7;10625
5359;MAS;18;16;27705
5360;MAS;18;12;43650
5362;MAS;35;13;63130
5363;MAS;56;13;30673
5365;MAS;18;12;90250
5366;MAS;18;12;90045
5367;MAS;18;4;55344
5369;MAS;25;15;02139
5370;MAS;25;12;98074
5371;MAS;25;11;55408
5372;MAS;25;4;10549
5373;MAS;18;12;55112
5374;MAS;35;7;38018
5375;MAS;25;0;02131
5376;MAS;25;17;94538
5378;MAS;35;18;10463
5379;MAS;25;7;84095
5380;MAS;18;4;01125
5381;MAS;25;14;10009
5382;MAS;18;4;07461
5383;MAS;35;1;55430
5385;MAS;25;12;85226
5386;MAS;25;14;60045
5389;MAS;45;7;01905
5390;MAS;1;0;78130
5391;MAS;25;7;10016
5392;MAS;50;1;98112
5393;MAS;35;7;10471
5394;MAS;18;0;60618
5395;MAS;50;1;13224
5396;MAS;25;6;89118
5397;MAS;18;0;60451
5398;MAS;56;17;71301
5399;MAS;25;1;12553
5403;MAS;1;10;59801
5404;MAS;25;0;30068
5408;MAS;25;20;11230-1710
5409;MAS;45;1;60091
5412;MAS;25;12;97330
5413;MAS;35;1;59801
5414;MAS;1;10;07652
5417;MAS;18;17;19030
5421;MAS;35;17;22030
5422;MAS;50;7;94114
5425;MAS;18;4;53211
5426;MAS;25;14;95821
5427;MAS;35;19;11201
5431;MAS;56;1;19026
5432;MAS;56;13;01742
5435;MAS;45;18;02557
5436;MAS;18;4;90024
5437;MAS;25;11;55426
5438;MAS;25;14;60048
5439;MAS;56;13;19119
5441;MAS;50;7;95762
5442;MAS;25;7;63110
5443;MAS;25;12;01915
5445;MAS;25;0;43223
5447;MAS;45;2;60626
5448;MAS;45;19;60626
5449;MAS;18;12;01702
5450;MAS;18;12;02143
5452;MAS;35;6;10011
5453;MAS;18;4;30305
5454;MAS;35;7;10001
5456;MAS;35;1;32312
5457;MAS;18;12;55405
5460;MAS;18;4;02143
5461;MAS;50;0;94025
5462;MAS;25;17;89103
5463;MAS;35;0;53202
5464;MAS;35;7;77079
5466;MAS;25;12;98033
5467;MAS;35;0;63366
5468;MAS;25;12;94618
5469;MAS;35;12;20171
5470;MAS;56;7;20003-2712
5471;MAS;18;7;10016
5472;MAS;35;1;27909
5473;MAS;25;1;20120-6354
5474;MAS;25;12;20009
5475;MAS;25;4;94110
5477;MAS;35;1;55343
5478;MAS;35;7;02766
5479;MAS;35;1;50014
5481;MAS;45;12;55449
5482;MAS;18;7;10014
5484;MAS;45;17;21742
5485;MAS;25;4;08544
5486;MAS;25;0;17821
5487;MAS;25;17;95136
5488;MAS;25;15;91125
5489;MAS;18;7;94104
5490;MAS;45;17;80907
5491;MAS;18;7;10016
5492;MAS;18;4;55104
5493;MAS;35;12;96797
5496;MAS;25;7;90069
5497;MAS;25;4;60201
5501;MAS;25;2;33334
5502;MAS;25;2;66044
5504;MAS;45;7;85287-2702
5507;MAS;45;7;44325
5508;MAS;25;20;94519
5509;MAS;25;0;11215
5510;MAS;18;4;191004
5511;MAS;45;1;92407
5513;MAS;35;1;91768
5515;MAS;18;4;16101
5517;MAS;56;0;80210
5518;MAS;50;17;78666
5519;MAS;35;15;33167
5520;MAS;45;1;18901
5522;MAS;25;14;02460
5523;MAS;35;0;60187
5527;MAS;25;1;70803
5528;MAS;50;1;45840
5529;MAS;18;6;05273
5531;MAS;50;17;09056
5532;MAS;25;17;27408
5534;MAS;45;16;30102
5535;MAS;25;15;94538
5536;MAS;25;16;67204
5538;MAS;45;12;55102
5540;MAS;35;1;19149
5541;MAS;56;7;93924
5542;MAS;45;7;11576
5543;MAS;25;17;97401
5544;MAS;25;15;08876
5546;MAS;18;14;26301
5550;MAS;35;15;48187
5552;MAS;50;7;23233
5553;MAS;35;3;29425
5554;MAS;25;1;92116
5555;MAS;1;10;37830
5556;MAS;45;6;92103
5557;MAS;35;14;33701
5558;MAS;1;10;02446
5559;MAS;50;1;77706
5564;MAS;45;20;02446
5565;MAS;18;17;02114
5566;MAS;35;7;20901
5567;MAS;50;3;78704
5568;MAS;18;4;49841
5570;MAS;25;1;07666
5574;MAS;25;0;20878
5575;MAS;35;7;19808
5576;MAS;25;4;55369
5577;MAS;50;1;12970
5580;MAS;45;7;01581
5581;MAS;25;0;10016
5582;MAS;45;1;50011
5583;MAS;56;15;37830
5585;MAS;25;4;10016
5586;MAS;35;20;94107
5587;MAS;25;17;22041
5591;MAS;18;0;10009
5592;MAS;25;1;53706
5593;MAS;50;16;90210
5595;MAS;25;20;90027
5596;MAS;35;12;22201
5598;MAS;18;4;27607
5599;MAS;35;7;90020
5601;MAS;35;1;98225
5602;MAS;35;0;97212
5603;MAS;50;7;02461
5604;MAS;35;15;63117
5607;MAS;18;4;11209
5608;MAS;18;3;78722
5614;MAS;25;0;12833
5615;MAS;35;7;07028
5616;MAS;45;1;08840
5617;MAS;25;14;48336
5620;MAS;35;14;55330
5621;MAS;25;7;02135
5622;MAS;35;15;01775
5623;MAS;25;11;84109
5624;MAS;25;7;19380
5625;MAS;25;1;01760
5626;MAS;56;16;32043
5627;MAS;25;0;07040
5628;MAS;18;4;90024
5629;MAS;25;14;02465
5630;MAS;35;17;06854
5631;MAS;35;12;01944
5633;MAS;50;1;98262
5634;MAS;25;14;55406
5636;MAS;25;7;98102
5637;MAS;1;10;11102
5638;MAS;18;1;32601
5640;MAS;35;17;78765
5642;MAS;1;10;73013
5645;MAS;25;2;87123
5646;MAS;18;4;96744
5647;MAS;18;1;62522
5648;MAS;25;17;48473
5652;MAS;18;0;47901
5653;MAS;50;1;74105
5654;MAS;25;4;95616
5656;MAS;25;15;03755
5657;MAS;50;14;92026
5658;MAS;56;0;32043
5659;MAS;25;0;20874
5660;MAS;25;2;78722
5662;MAS;1;10;07960
5664;MAS;18;4;48363
5665;MAS;18;4;10461-1301
5666;MAS;18;16;11209
5667;MAS;35;7;10009
5669;MAS;56;1;90024
5670;MAS;18;4;48109
5671;MAS;25;1;02146
5674;MAS;35;7;94306
5675;MAS;35;14;30030
5676;MAS;25;20;78746
5677;MAS;25;1;13210
5678;MAS;35;17;98103
5679;MAS;35;2;33020
5680;MAS;50;20;94117
5682;MAS;18;0;23455-4959
5684;MAS;18;16;94110
5685;MAS;25;17;94117
5686;MAS;56;16;60610
5689;MAS;25;0;84119
5690;MAS;18;4;78666
5691;MAS;35;14;66013
5697;MAS;25;0;95826
5698;MAS;35;14;55418
5699;MAS;35;15;94706
5701;MAS;25;7;55311
5702;MAS;18;0;90034
5703;MAS;56;1;14068
5706;MAS;18;17;08550
5707;MAS;25;12;01060
5708;MAS;35;1;90034
5709;MAS;18;4;90024
5710;MAS;25;15;90034
5711;MAS;25;7;47714
5712;MAS;35;1;90024
5714;MAS;35;2;96753
5715;MAS;18;4;90024
5716;MAS;1;10;03756
5717;MAS;25;0;03766
5719;MAS;56;7;21773
5720;MAS;25;0;60610
5721;MAS;45;11;90046
5722;MAS;25;20;48103
5723;MAS;18;12;55057
5724;MAS;25;15;94102
5725;MAS;18;2;10018
5726;MAS;25;1;77845
5727;MAS;25;4;92843
5729;MAS;18;10;99016
5730;MAS;18;0;94111
5733;MAS;25;4;48109
5735;MAS;25;6;19342
5736;MAS;25;1;08904
5737;MAS;45;15;93555
5738;MAS;25;12;55406
5739;MAS;25;7;90212
5740;MAS;25;1;60613
5741;MAS;50;13;60622
5746;MAS;18;15;94061
5747;MAS;25;0;03755
5748;MAS;25;0;92155
5749;MAS;25;2;94117
5750;MAS;18;1;04101
5753;MAS;18;17;78758
5757;MAS;1;10;05667
5760;MAS;18;12;10549
5761;MAS;25;20;90048
5765;MAS;25;11;44515
5766;MAS;56;14;96744
5767;MAS;25;2;75287
5769;MAS;45;14;05602
5770;MAS;25;0;80231
5771;MAS;25;7;95616
5772;MAS;35;7;16365
5773;MAS;25;6;89123
5774;MAS;18;4;94118
5775;MAS;25;11;10024
5776;MAS;18;12;97205
5777;MAS;1;0;05667
5778;MAS;35;12;85257
5779;MAS;25;5;10011
5780;MAS;18;17;92886
5781;MAS;25;2;11106
5784;MAS;18;10;56137
5786;MAS;25;6;53211
5787;MAS;25;20;90802
5788;MAS;25;0;92646
5789;MAS;25;17;91107
5791;MAS;18;4;44074
5792;MAS;25;17;43201
5793;MAS;25;2;91602
5794;MAS;35;17;53703
5795;MAS;25;1;92688
5797;MAS;25;7;78757
5798;MAS;35;0;80027
5799;MAS;25;5;80916
5800;MAS;35;18;90804
5801;MAS;25;16;04103
5803;MAS;1;10;01597
5807;MAS;35;7;01940
5809;MAS;25;7;37206
5810;MAS;50;16;95070
5811;MAS;18;4;60202
5813;MAS;25;7;94117
5814;MAS;25;0;91403
5815;MAS;25;20;90048
5816;MAS;25;0;70119
5817;MAS;25;17;33028
5818;MAS;25;4;92821
5819;MAS;50;6;70808
5820;MAS;45;0;43615
5821;MAS;25;15;02139
5823;MAS;25;12;02144
5824;MAS;18;12;18052
5826;MAS;18;4;60201
5827;MAS;25;2;55118
5828;MAS;25;17;90048
5831;MAS;25;1;92120
5834;MAS;56;16;92106
5836;MAS;25;0;91604
5837;MAS;25;7;60607
5839;MAS;25;1;27106
5842;MAS;25;4;43201
5843;MAS;35;1;83301
5846;MAS;45;16;78204
5848;MAS;50;20;20009
5849;MAS;35;17;97124
5853;MAS;50;19;13903
5854;MAS;45;7;33135
5855;MAS;50;7;19462
5858;MAS;25;4;01002
5859;MAS;25;7;89117
5865;MAS;25;17;95926
5868;MAS;35;14;85331
5870;MAS;25;14;98109
5872;MAS;25;17;61265
5873;MAS;18;12;10021
5874;MAS;25;4;01002
5875;MAS;25;4;19103
5876;MAS;50;7;30066
5877;MAS;18;12;02138
5879;MAS;35;7;02135
5880;MAS;25;1;08904
5881;MAS;35;17;30303
5882;MAS;35;7;60510
5884;MAS;18;4;20057
5885;MAS;25;1;96930
5886;MAS;25;20;02139
5888;MAS;25;20;64114
5889;MAS;50;20;06033
5890;MAS;35;20;77008
5891;MAS;18;4;55404
5892;MAS;45;2;10920
5893;MAS;25;7;02139
5894;MAS;35;0;70748
5895;MAS;25;1;43026
5896;MAS;25;0;60657
5897;MAS;25;20;02152
5899;MAS;35;17;30024
5900;MAS;25;7;60628
5902;MAS;50;16;77079
5903;MAS;25;11;06851
5907;MAS;25;2;11217
5908;MAS;25;4;19711
5909;MAS;18;20;91330
5912;MAS;25;1;77064
5914;MAS;35;2;91344
5915;MAS;18;4;58102
5916;MAS;50;20;48230
5918;MAS;25;12;55105
5919;MAS;18;0;47933
5921;MAS;25;6;15146
5922;MAS;56;3;94561
5923;MAS;25;7;05401
5924;MAS;35;0;55417
5927;MAS;35;14;10003
5928;MAS;45;1;14760
5932;MAS;18;14;90038
5933;MAS;25;2;98227
5934;MAS;25;14;77075
5935;MAS;18;0;35115
5936;MAS;18;4;37130
5937;MAS;25;12;60622
5938;MAS;25;1;35401
5940;MAS;50;12;03062
5942;MAS;45;1;01867
5948;MAS;56;13;12124
5949;MAS;18;17;47901
5950;MAS;25;4;19713
5951;MAS;18;4;77005
5953;MAS;1;10;21030
5954;MAS;45;11;70802
5957;MAS;18;20;02038
5958;MAS;45;14;94301
5962;MAS;35;7;80221
5963;MAS;25;15;02140
5964;MAS;18;5;97202
5965;MAS;25;17;77449
5967;MAS;50;16;73069-5429
5968;MAS;56;7;98103
5969;MAS;45;13;77706
5970;MAS;35;11;55438
5971;MAS;35;7;49504
5973;MAS;1;10;54701
5975;MAS;25;14;55104
5977;MAS;35;1;90012
5978;MAS;35;1;49307
5979;MAS;25;1;43214
5980;MAS;56;1;42503
5981;MAS;35;7;01776
5982;MAS;35;1;56082
5983;MAS;25;3;29208
5984;MAS;25;1;60657
5987;MAS;25;16;10003
5988;MAS;25;15;94022
5994;MAS;35;1;32501
5998;MAS;18;4;61820
6000;MAS;45;17;30075
6002;MAS;50;0;43231
6007;MAS;35;17;80537
6008;MAS;18;4;78705
6010;MAS;35;0;79606
6011;MAS;35;15;80538
6012;MAS;35;15;02871
6014;MAS;45;1;80634
6016;MAS;45;1;37209
6018;MAS;35;1;48906
6019;MAS;25;0;10024
6020;MAS;50;16;10023
6021;MAS;25;12;08876
6022;MAS;25;17;57006
6023;MAS;25;0;43213
6024;MAS;25;12;53705
6026;MAS;35;6;11210
6027;MAS;18;4;20742
6028;MAS;18;4;94133
6030;MAS;25;17;32618
6032;MAS;45;7;55108
6033;MAS;50;13;78232
6034;MAS;25;14;94117
6040;MAS;25;6;11106
