1;FEM;1;10;48067
6;FEM;50;9;55117
10;FEM;35;1;95370
11;FEM;25;1;04093
16;FEM;35;0;20670
18;FEM;18;3;95825
24;FEM;25;7;10023
28;FEM;25;1;14607
30;FEM;35;7;19143
32;FEM;25;0;19355
34;FEM;18;0;02135
37;FEM;25;9;66212
38;FEM;18;4;02215
41;FEM;18;4;15116
45;FEM;45;16;94110
50;FEM;25;2;98133
51;FEM;1;10;10562
55;FEM;35;12;55303
59;FEM;50;1;55413
62;FEM;35;3;98105
67;FEM;50;5;60181
69;FEM;25;1;02143
72;FEM;45;0;55122
75;FEM;1;10;01748
78;FEM;45;1;98029
79;FEM;45;0;98103
81;FEM;25;0;60640
83;FEM;25;2;94609
86;FEM;1;10;54467
88;FEM;45;1;02476
89;FEM;56;9;85749
92;FEM;18;4;44243
96;FEM;25;16;78028
97;FEM;35;3;66210
98;FEM;35;7;33547
99;FEM;1;10;19390
101;FEM;18;3;33314
106;FEM;35;11;79101
114;FEM;25;2;83712
119;FEM;1;10;77515
122;FEM;18;4;94305
127;FEM;45;3;01770
133;FEM;25;0;55071
137;FEM;45;6;78758
139;FEM;25;20;45409
140;FEM;35;1;55107
146;FEM;35;20;10954
151;FEM;25;20;85013
156;FEM;45;7;14519
159;FEM;45;0;37922
162;FEM;18;4;93117
164;FEM;56;13;94566
167;FEM;25;11;10022
168;FEM;50;0;46970
171;FEM;50;17;55441
175;FEM;25;2;95123
176;FEM;18;3;55016
183;FEM;45;1;55407
184;FEM;25;0;19001
187;FEM;45;1;94061
193;FEM;45;15;44106
194;FEM;1;10;29146
196;FEM;35;9;94587
200;FEM;18;4;84321
201;FEM;35;2;55117
203;FEM;18;4;53715
210;FEM;1;10;25801
213;FEM;18;4;01609
219;FEM;25;4;55113
221;FEM;25;0;94063
224;FEM;18;4;14850
233;FEM;45;20;37919-4204
238;FEM;50;7;90291
242;FEM;18;4;53706
246;FEM;18;4;60625
249;FEM;18;14;48126
253;FEM;25;11;97370
262;FEM;25;1;68503
263;FEM;25;7;22304
265;FEM;35;7;55116
268;FEM;18;12;29708
277;FEM;35;1;98126
281;FEM;35;0;94117
285;FEM;35;0;94109
288;FEM;25;12;97119
289;FEM;25;0;11801
290;FEM;25;20;94591
294;FEM;45;9;43147
298;FEM;18;4;19010
305;FEM;18;0;55414
310;FEM;18;4;31207
312;FEM;50;2;22207
313;FEM;18;4;02138
314;FEM;56;9;46911
315;FEM;56;1;55105
318;FEM;56;13;55104
319;FEM;50;6;33436
325;FEM;50;3;55112
334;FEM;56;2;55113
340;FEM;25;3;28001
341;FEM;56;13;92119
343;FEM;35;3;55127
346;FEM;25;0;55110
347;FEM;56;1;55305
353;FEM;35;7;92625
358;FEM;56;1;20815
361;FEM;25;14;94115
364;FEM;35;1;46815
365;FEM;18;4;02138
372;FEM;18;4;72227
373;FEM;25;2;55347
374;FEM;35;14;55346
378;FEM;18;0;55105
379;FEM;35;1;54822
382;FEM;35;20;66205
383;FEM;25;7;78757
387;FEM;35;7;55111
388;FEM;25;0;10021
399;FEM;35;6;55128
400;FEM;18;3;55422
410;FEM;25;1;55417
411;FEM;45;1;43214
415;FEM;35;0;55406
417;FEM;25;0;50613
418;FEM;25;3;54016
421;FEM;45;3;55125
428;FEM;18;4;55455
430;FEM;18;10;55306
434;FEM;45;3;98155
446;FEM;50;0;55042
447;FEM;45;11;55105
455;FEM;35;2;55113
459;FEM;18;4;55105
464;FEM;18;4;55455
467;FEM;35;3;55075
468;FEM;1;10;55082
470;FEM;1;10;55068
473;FEM;18;4;55112
475;FEM;25;2;55421
480;FEM;18;4;55422
484;FEM;1;10;55104
487;FEM;35;17;55082
494;FEM;35;0;17870
497;FEM;25;17;55412
499;FEM;25;1;55108
500;FEM;18;2;55105
507;FEM;25;0;55405
511;FEM;45;4;15232
516;FEM;56;14;55033
517;FEM;25;14;55408
518;FEM;35;12;75240
519;FEM;35;14;55038
520;FEM;35;20;55104
527;FEM;25;2;11201
528;FEM;18;17;83843
531;FEM;18;14;22206
541;FEM;18;4;5849574
546;FEM;25;0;37211
548;FEM;35;16;96860
556;FEM;25;9;37221
559;FEM;25;7;60422
561;FEM;18;14;64060
568;FEM;50;17;19716
569;FEM;18;4;97339
573;FEM;35;2;98119
576;FEM;45;15;20910
583;FEM;25;0;48067
584;FEM;25;0;94403
588;FEM;25;11;23220
590;FEM;35;6;98032
593;FEM;50;1;91711
594;FEM;56;13;60076
596;FEM;25;1;01950
601;FEM;18;20;06320
602;FEM;56;6;14612
603;FEM;25;6;32256
605;FEM;18;4;44425
606;FEM;1;10;49507
617;FEM;25;7;92117
619;FEM;18;1;94706
625;FEM;35;12;44106
628;FEM;35;0;20715
629;FEM;1;10;48154
630;FEM;35;14;80525
634;FEM;1;10;49512
641;FEM;35;0;55116
642;FEM;35;1;78155
648;FEM;25;12;94131
655;FEM;25;2;92629
656;FEM;45;16;92106
657;FEM;50;13;34691
658;FEM;25;0;10021
659;FEM;25;0;28134
663;FEM;25;7;12345
666;FEM;18;0;08540
668;FEM;25;3;22042
687;FEM;25;7;14136
689;FEM;50;0;48103
692;FEM;25;0;85207
695;FEM;18;1;04240
697;FEM;50;6;97330
701;FEM;18;4;01002
703;FEM;56;1;44074
704;FEM;35;8;85712
721;FEM;35;9;97520
726;FEM;25;9;77449
743;FEM;1;2;60660
746;FEM;18;19;95019
750;FEM;35;9;13066
751;FEM;25;17;97201
752;FEM;25;3;97401
755;FEM;35;0;94002
759;FEM;56;3;89156
766;FEM;25;7;95128
771;FEM;50;1;75087
776;FEM;25;3;92627
793;FEM;35;14;37043
795;FEM;35;14;19147
797;FEM;50;7;20175
798;FEM;25;20;48464
799;FEM;25;5;98498
800;FEM;35;12;72032
801;FEM;25;20;95776
814;FEM;18;4;92612
822;FEM;25;1;07666
826;FEM;35;1;80210
831;FEM;45;0;20874
834;FEM;35;12;78640
840;FEM;25;3;02828
841;FEM;50;14;92119
842;FEM;18;0;55102
845;FEM;18;0;20009
847;FEM;25;7;80228
854;FEM;25;16;44092
855;FEM;18;2;72701
856;FEM;45;6;02453
864;FEM;25;0;97205
870;FEM;25;1;02144
883;FEM;35;14;92673
886;FEM;56;0;14830
887;FEM;56;16;55345
888;FEM;1;10;08820
893;FEM;50;6;85016
899;FEM;25;1;30605
900;FEM;56;13;90066
901;FEM;56;0;92027
905;FEM;45;12;28655
907;FEM;45;6;92117
908;FEM;50;1;92103
910;FEM;50;0;98226
912;FEM;35;2;91324
914;FEM;35;9;30338
916;FEM;25;1;92084
918;FEM;45;1;91901
919;FEM;35;1;92056
925;FEM;35;3;48073
927;FEM;25;20;91105
928;FEM;56;16;98199
931;FEM;56;1;06032
932;FEM;35;6;97838
934;FEM;35;7;97401
938;FEM;25;1;01060
939;FEM;25;20;20110-5616
942;FEM;50;6;85716
943;FEM;45;12;08033
954;FEM;25;0;21030
955;FEM;50;7;94941
962;FEM;25;1;80020
967;FEM;18;0;43615
969;FEM;25;11;19103
973;FEM;25;1;80026
982;FEM;25;9;92064
983;FEM;25;16;99224
986;FEM;56;0;19004
987;FEM;35;17;48098
991;FEM;25;9;48103
992;FEM;35;3;02780
995;FEM;18;4;96803
1000;FEM;25;6;90027
1012;FEM;35;1;30004
1014;FEM;45;17;03054
1024;FEM;35;1;74135
1026;FEM;45;0;19130
1028;FEM;45;7;03848
1034;FEM;35;1;82601
1038;FEM;56;15;20194
1039;FEM;35;1;02346
1043;FEM;50;11;87004
1045;FEM;1;10;77477
1051;FEM;25;0;60513
1052;FEM;35;2;75214
1059;FEM;25;0;97213
1065;FEM;25;0;94402
1068;FEM;18;4;77581
1070;FEM;45;2;20036
1072;FEM;35;7;07601
1073;FEM;25;6;72211
1075;FEM;25;6;60660
1076;FEM;25;3;27606
1078;FEM;45;9;95661
1088;FEM;1;10;98103
1092;FEM;18;4;49525
1094;FEM;18;0;92626
1095;FEM;56;6;08753
1103;FEM;45;7;60605
1107;FEM;50;1;02324
1110;FEM;56;6;77005
1111;FEM;50;16;44319
1114;FEM;18;9;75801
1115;FEM;25;1;60551
1125;FEM;18;4;53715
1136;FEM;35;7;90274
1140;FEM;45;2;73069
1141;FEM;25;3;84770
1146;FEM;18;16;80260
1150;FEM;25;20;75226
1154;FEM;1;10;53545
1156;FEM;50;2;33334
1158;FEM;35;1;98026
1162;FEM;35;0;97213
1164;FEM;25;19;90020
1167;FEM;50;1;55126
1168;FEM;25;0;94109
1172;FEM;25;0;61801
1173;FEM;25;7;10019
1174;FEM;18;16;91780
1175;FEM;25;2;90020
1177;FEM;25;17;01453
1180;FEM;50;20;95503
1184;FEM;25;4;92354
1185;FEM;35;1;97374
1187;FEM;1;0;90210
1191;FEM;35;0;98117
1194;FEM;25;1;95617
1195;FEM;1;10;13907
1196;FEM;18;14;22203
1203;FEM;25;1;06417
1205;FEM;56;0;46814
1206;FEM;50;7;33764
1212;FEM;50;1;60089
1229;FEM;25;4;48219
1232;FEM;18;4;43235
1233;FEM;45;20;94519
1235;FEM;25;7;94043
1236;FEM;25;1;48316
1238;FEM;35;20;11215
1239;FEM;25;20;50111
1240;FEM;18;14;02144
1242;FEM;35;0;10014
1248;FEM;35;20;94598
1253;FEM;35;20;76205
1254;FEM;18;1;02144
1257;FEM;18;14;84101
1265;FEM;18;20;49321
1269;FEM;56;13;01234
1271;FEM;45;6;54401
1277;FEM;18;0;06360
1283;FEM;18;1;94607
1287;FEM;50;7;94611
1288;FEM;35;19;92867
1291;FEM;35;0;10011
1294;FEM;50;20;11217
1295;FEM;35;6;90036
1301;FEM;25;2;10475
1314;FEM;18;4;68154
1319;FEM;25;3;98626
1321;FEM;25;14;34639
1323;FEM;35;2;11218
1326;FEM;25;0;98115
1336;FEM;50;20;95051
1344;FEM;25;9;43420
1345;FEM;25;2;75070
1347;FEM;18;1;11375
1348;FEM;1;10;04240
1350;FEM;35;0;90278
1351;FEM;25;17;98034
1354;FEM;25;2;94040
1355;FEM;45;20;04240
1356;FEM;18;4;91706
1361;FEM;25;0;97401
1364;FEM;45;2;97214
1365;FEM;1;10;61665
1368;FEM;25;3;50266
1371;FEM;50;2;60657
1373;FEM;25;1;55104
1375;FEM;45;5;95136
1376;FEM;45;1;32750
1378;FEM;45;7;21044
1379;FEM;56;13;93448
1382;FEM;45;1;92100
1383;FEM;25;7;19806
1385;FEM;25;5;90262
1386;FEM;25;0;07026
1387;FEM;50;13;94702
1394;FEM;25;3;94117
1396;FEM;25;12;94530
1398;FEM;56;16;94904
1401;FEM;18;1;94578
1403;FEM;25;0;53713
1407;FEM;35;15;53704
1419;FEM;25;1;95336
1421;FEM;1;10;53704
1428;FEM;45;11;40204
1429;FEM;35;3;11229
1433;FEM;18;14;49505
1434;FEM;1;10;495321
1436;FEM;50;6;97005
1444;FEM;25;4;91106
1448;FEM;25;3;17522
1452;FEM;56;13;90732
1455;FEM;45;0;92126
1459;FEM;25;0;80027
1460;FEM;18;4;95132
1461;FEM;45;0;94115
1475;FEM;25;2;75075
1476;FEM;18;0;91030
1477;FEM;45;1;90601
1479;FEM;50;2;94501
1485;FEM;25;9;80538
1489;FEM;35;2;60201
1493;FEM;25;14;60657
1508;FEM;1;10;94539
1510;FEM;25;1;48067
1513;FEM;35;16;95003
1516;FEM;25;12;53154
1521;FEM;25;7;08902
1525;FEM;25;16;94706
1535;FEM;18;20;90036
1536;FEM;35;3;83001
1553;FEM;25;15;64116
1554;FEM;35;12;17013
1555;FEM;18;0;20008
1557;FEM;18;4;10039
1560;FEM;25;3;85226
1561;FEM;18;4;11214
1563;FEM;1;10;87123
1568;FEM;1;10;94086
1569;FEM;56;13;07701
1572;FEM;25;3;02155
1575;FEM;50;7;94949
1576;FEM;45;9;85202
1580;FEM;18;4;76201
1581;FEM;18;4;10003
1587;FEM;25;3;30308
1594;FEM;35;20;10013
1596;FEM;18;5;48108
1602;FEM;25;7;10562
1603;FEM;25;0;13326
1605;FEM;18;0;28270
1606;FEM;35;3;55405
1609;FEM;35;9;06830
1615;FEM;45;7;10022
1631;FEM;50;0;94514
1633;FEM;45;7;99701
1634;FEM;56;0;38340
1636;FEM;25;19;60612
1638;FEM;18;17;95405
1645;FEM;18;9;62225
1654;FEM;45;0;94114
1657;FEM;45;0;10022
1658;FEM;35;6;94214
1659;FEM;18;9;99703
1660;FEM;25;2;94577
1664;FEM;18;4;76707
1669;FEM;25;17;75006
1670;FEM;56;13;95320
1675;FEM;25;6;97116
1678;FEM;18;17;97070
1683;FEM;25;7;98109
1688;FEM;18;4;34243
1691;FEM;25;17;85301
1697;FEM;18;4;98052
1699;FEM;25;19;98102
1701;FEM;25;4;97233
1705;FEM;18;4;85033
1711;FEM;18;4;30134
1717;FEM;50;6;30307
1730;FEM;18;4;60137
1731;FEM;18;0;91601
1755;FEM;18;4;77005
1756;FEM;25;1;75149
1758;FEM;25;0;33067-1400
1760;FEM;25;3;90016
1766;FEM;45;0;94566
1781;FEM;35;0;08009
1792;FEM;25;2;53523
1801;FEM;25;6;54729
1808;FEM;18;4;22031
1809;FEM;25;14;12189
1812;FEM;25;12;48103
1813;FEM;35;6;90035
1816;FEM;35;9;56007
1819;FEM;35;12;45249
1822;FEM;25;0;53713
1823;FEM;35;1;92801
1824;FEM;18;4;43560
1827;FEM;25;1;07721
1832;FEM;18;4;14433
1844;FEM;18;4;53711
1858;FEM;18;4;59715
1859;FEM;25;4;66049
1865;FEM;18;1;94606
1871;FEM;45;1;46774
1877;FEM;45;20;90069
1883;FEM;50;0;94521
1893;FEM;35;0;90024
1894;FEM;35;7;94602
1897;FEM;50;2;94530
1899;FEM;45;6;02135
1905;FEM;35;20;94118
1906;FEM;25;5;91311
1911;FEM;18;4;92805
1914;FEM;35;14;95051
1918;FEM;45;6;95209
1920;FEM;35;7;80122
1922;FEM;25;7;94303
1924;FEM;56;6;90630
1926;FEM;1;0;95404
1929;FEM;1;10;91107
1938;FEM;25;2;91351
1939;FEM;35;2;94930
1944;FEM;18;4;93107
1951;FEM;18;4;90630
1953;FEM;25;2;94566
1957;FEM;18;4;23185
1958;FEM;25;1;17055
1959;FEM;50;13;53092
1961;FEM;50;3;91911
1962;FEM;18;1;60914
1963;FEM;50;9;91941
1964;FEM;25;6;89523
1969;FEM;25;3;92116
1971;FEM;25;14;80230
1988;FEM;25;1;85224
1998;FEM;50;9;24018
1999;FEM;35;3;02113
2002;FEM;56;13;02136-1522
2009;FEM;35;7;60625
2011;FEM;35;3;01545
2016;FEM;56;2;20783
2027;FEM;25;9;48021
2029;FEM;25;12;10011
2033;FEM;45;20;91436
2034;FEM;45;2;01851
2035;FEM;18;0;45212
2036;FEM;25;14;90046
2038;FEM;45;1;33301
2040;FEM;25;7;02494
2041;FEM;25;20;24015
2044;FEM;45;0;49408
2045;FEM;1;0;24179
2049;FEM;50;0;13210
2050;FEM;35;3;99504
2058;FEM;56;1;06437
2066;FEM;25;6;53202
2068;FEM;35;12;43528
2070;FEM;35;6;13210
2072;FEM;50;12;21133
2073;FEM;18;4;13148
2075;FEM;25;4;13210
2091;FEM;35;20;48044
2096;FEM;25;17;33990
2099;FEM;18;0;48823
2100;FEM;25;0;24017
2106;FEM;18;20;495321
2112;FEM;45;12;23116
2123;FEM;35;0;13064
2128;FEM;45;1;46737
2133;FEM;1;10;01607
2137;FEM;1;10;00681
2138;FEM;18;4;88119
2139;FEM;50;3;33615
2141;FEM;50;16;48706
2142;FEM;45;14;46804
2147;FEM;18;0;60641
2148;FEM;18;0;81301
2150;FEM;18;4;22904
2155;FEM;1;10;50246
2157;FEM;18;3;45244
2159;FEM;50;14;60618
2160;FEM;18;19;46556
2161;FEM;35;2;95521
2162;FEM;1;10;35810
2167;FEM;25;6;95833
2170;FEM;50;16;99114
2177;FEM;35;20;95451
2179;FEM;25;0;28304
2182;FEM;25;4;60443
2183;FEM;56;1;11795
2188;FEM;18;19;60641
2190;FEM;25;15;27603
2192;FEM;25;0;27713
2197;FEM;25;1;27515
2198;FEM;35;9;46815
2202;FEM;1;10;11743
2205;FEM;25;7;10016
2213;FEM;25;0;60622
2214;FEM;25;1;46807
2215;FEM;25;0;93940
2216;FEM;25;20;60612
2220;FEM;50;3;95451-9554
2222;FEM;45;1;13088
2226;FEM;25;7;27514
2230;FEM;45;1;60302
2233;FEM;35;3;60187
2237;FEM;35;6;14905
2238;FEM;25;4;32607
2248;FEM;35;12;46755
2252;FEM;18;1;01562
2253;FEM;50;0;46815
2255;FEM;35;6;44303
2256;FEM;45;15;59840
2257;FEM;18;4;59715
2258;FEM;18;4;10033
2259;FEM;56;16;70503
2260;FEM;25;20;46835
2264;FEM;45;7;37877
2266;FEM;50;2;48118
2267;FEM;56;13;37774
2268;FEM;35;1;46774
2269;FEM;45;0;11217
2277;FEM;45;9;13035
2285;FEM;1;10;13090
2289;FEM;50;1;52002
2293;FEM;56;3;48130
2296;FEM;25;6;22923
2299;FEM;18;10;13090
2301;FEM;25;12;02478
2306;FEM;18;4;02138
2308;FEM;45;16;48103
2309;FEM;45;0;08901
2311;FEM;25;4;22902
2313;FEM;50;6;48103-4711
2314;FEM;25;1;13210
2317;FEM;45;9;57108
2320;FEM;50;1;06043
2322;FEM;56;13;48105
2325;FEM;18;4;27708
2329;FEM;56;15;97367
2334;FEM;56;7;01562
2339;FEM;56;3;52003
2343;FEM;45;1;01604
2346;FEM;1;10;48105
2351;FEM;25;0;11106
2353;FEM;35;9;61270
2355;FEM;45;9;13203
2356;FEM;50;16;13207
2357;FEM;35;14;13316
2358;FEM;56;6;06074
2364;FEM;56;9;13078
2366;FEM;45;16;01532
2367;FEM;25;9;49424
2368;FEM;56;13;13057
2371;FEM;35;7;06082
2372;FEM;45;7;01602
2375;FEM;50;7;13027
2381;FEM;35;9;13066
2383;FEM;25;14;95125
2385;FEM;45;2;01545
2386;FEM;25;0;06040
2390;FEM;25;6;33076
2392;FEM;56;3;06040
2396;FEM;18;0;22102
2397;FEM;35;11;43201
2400;FEM;25;16;95687
2406;FEM;56;12;01520
2408;FEM;45;1;01609
2409;FEM;35;9;06074
2411;FEM;35;14;01536
2413;FEM;56;7;06118
2418;FEM;1;10;06074
2422;FEM;50;9;02865
2423;FEM;45;9;01520
2425;FEM;35;14;45243
2427;FEM;25;14;94010
2431;FEM;25;4;22903
2441;FEM;45;6;42406
2443;FEM;35;0;49464
2444;FEM;45;4;42420
2460;FEM;50;1;36067
2464;FEM;18;4;44106
2475;FEM;25;18;98115
2479;FEM;25;1;23454
2480;FEM;18;20;94410
2482;FEM;50;3;37772
2488;FEM;45;2;31804
2489;FEM;35;9;37843
2492;FEM;45;2;37924
2495;FEM;18;4;56401
2497;FEM;50;14;37922
2506;FEM;25;14;98225
2508;FEM;35;3;77429
2512;FEM;45;14;36109
2516;FEM;45;6;37909
2517;FEM;35;9;53806
2519;FEM;45;2;14850
2520;FEM;56;2;95448
2524;FEM;56;9;38558
2525;FEM;35;1;37922
2529;FEM;35;9;95903
2531;FEM;45;7;52003
2532;FEM;56;13;37917
2533;FEM;25;3;49423
2534;FEM;50;6;37922
2535;FEM;56;2;03431
2540;FEM;45;6;42420
2541;FEM;35;5;49424
2542;FEM;45;13;37922
2543;FEM;35;0;42420
2546;FEM;56;13;37931
2547;FEM;35;0;37920
2548;FEM;35;6;37919
2552;FEM;25;9;29369
2557;FEM;18;19;02452
2560;FEM;45;6;84318
2564;FEM;35;20;43230
2570;FEM;56;14;95005
2580;FEM;45;1;12538
2582;FEM;25;1;97201
2584;FEM;56;1;94563
2588;FEM;56;13;78737
2597;FEM;50;0;95616
2607;FEM;56;0;48178
2608;FEM;25;1;10025
2609;FEM;50;12;55391
2612;FEM;45;3;94560
2617;FEM;45;15;60081
2618;FEM;18;4;53538
2622;FEM;35;6;27516
2624;FEM;35;0;44313
2628;FEM;25;2;11217
2630;FEM;18;5;78704
2631;FEM;50;1;14850
2633;FEM;35;9;07728
2637;FEM;35;20;44303
2639;FEM;25;6;80236
2647;FEM;35;11;15116
2654;FEM;35;9;48336
2657;FEM;1;10;47403
2663;FEM;25;4;02215
2667;FEM;35;6;08043
2668;FEM;25;4;94110
2671;FEM;35;12;54220
2677;FEM;35;7;66204
2679;FEM;18;4;02143
2681;FEM;25;4;48823
2684;FEM;18;0;19143
2692;FEM;18;4;14620
2697;FEM;50;17;87031
2698;FEM;25;2;10028
2699;FEM;56;13;74128
2706;FEM;25;1;27713
2709;FEM;25;0;60660
2711;FEM;25;4;01075
2712;FEM;18;19;33953
2715;FEM;50;4;96822
2716;FEM;50;4;96825
2718;FEM;25;4;96817
2723;FEM;25;9;28147
2724;FEM;45;2;27514
2734;FEM;18;4;02912
2738;FEM;50;2;22181
2739;FEM;35;7;92316
2745;FEM;35;1;30345
2747;FEM;18;4;90025
2750;FEM;25;15;91360
2751;FEM;25;16;28120
2753;FEM;50;20;27516
2763;FEM;18;4;48104
2775;FEM;18;4;90038
2782;FEM;18;4;48858
2797;FEM;25;7;94043
2800;FEM;18;4;73070
2801;FEM;25;3;12866
2804;FEM;35;0;46234
2807;FEM;35;11;22043
2810;FEM;1;10;64093
2820;FEM;35;0;02138
2825;FEM;25;20;94014
2843;FEM;25;4;78705
2846;FEM;18;4;91604
2851;FEM;25;7;94107
2854;FEM;18;4;64151
2858;FEM;1;10;72601
2863;FEM;25;2;27705
2864;FEM;35;3;11725
2865;FEM;25;6;21014
2871;FEM;25;14;98110
2873;FEM;18;4;64093
2874;FEM;35;20;20036
2878;FEM;50;20;88005
2881;FEM;25;12;77019
2884;FEM;50;3;53222
2885;FEM;18;1;80302
2891;FEM;18;4;66044
2907;FEM;35;5;12345
2911;FEM;25;4;55455
2912;FEM;18;4;48104
2913;FEM;35;20;98119
2924;FEM;18;4;94121
2925;FEM;25;4;23454
2926;FEM;18;2;55118
2934;FEM;35;20;91324
2936;FEM;18;4;94122
2937;FEM;18;4;48103
2938;FEM;25;0;55345
2939;FEM;25;15;94901
2942;FEM;50;1;93103
2944;FEM;18;4;48104
2945;FEM;35;17;89507
2947;FEM;25;0;02138
2951;FEM;35;14;94303
2963;FEM;18;4;48104
2965;FEM;35;4;48103
2966;FEM;25;4;48104
2968;FEM;18;0;48104
2973;FEM;18;4;48108
2977;FEM;18;4;48104
2988;FEM;18;6;92122
2997;FEM;35;16;45238
2998;FEM;25;1;45241
3004;FEM;18;4;02138
3009;FEM;35;3;55112
3017;FEM;35;9;85255
3020;FEM;35;7;60302
3021;FEM;45;15;78750
3023;FEM;25;7;92108
3025;FEM;35;0;90004
3026;FEM;18;4;45750
3034;FEM;18;1;33143
3035;FEM;25;7;90230
3037;FEM;25;2;97333
3038;FEM;35;2;97401
3039;FEM;50;3;33611
3047;FEM;25;4;94117
3049;FEM;50;0;02421
3053;FEM;25;3;55102
3055;FEM;25;3;98501
3057;FEM;25;12;55438
3060;FEM;35;1;92705
3065;FEM;18;4;48135
3067;FEM;25;0;02148
3068;FEM;35;9;66204
3070;FEM;18;4;10708
3075;FEM;25;11;06107
3078;FEM;35;1;02155
3079;FEM;25;1;55410
3082;FEM;35;6;45459
3083;FEM;50;0;97403
3087;FEM;1;1;90802
3088;FEM;25;4;87110
3091;FEM;25;0;19107
3093;FEM;45;20;89134
3095;FEM;25;3;06810
3096;FEM;45;3;38028
3097;FEM;25;5;10021
3100;FEM;25;6;91423
3109;FEM;25;11;43201
3122;FEM;25;7;22209
3127;FEM;25;0;10003
3131;FEM;25;2;90036
3136;FEM;25;4;72801
3140;FEM;25;4;78728
3143;FEM;50;16;90272
3144;FEM;25;7;85260
3150;FEM;25;3;92831
3151;FEM;25;0;92870
3153;FEM;25;4;73160
3154;FEM;25;4;95616
3159;FEM;25;15;15213
3168;FEM;35;5;94546
3171;FEM;50;3;10128
3174;FEM;18;14;10018
3177;FEM;25;6;94132
3178;FEM;35;5;44313
3179;FEM;18;20;02125
3184;FEM;25;18;21214
3196;FEM;18;4;45219
3197;FEM;18;14;94110
3200;FEM;25;1;98144
3202;FEM;18;4;24060
3205;FEM;35;16;80304
3210;FEM;45;0;02115
3212;FEM;25;17;11215
3213;FEM;25;1;83705
3214;FEM;56;7;10019
3215;FEM;50;13;55447
3217;FEM;35;0;92630
3219;FEM;18;4;54302
3224;FEM;25;14;93428
3227;FEM;25;14;60657
3229;FEM;56;1;93105
3234;FEM;1;0;90012
3239;FEM;25;12;07730
3241;FEM;50;0;20004
3244;FEM;18;4;92647
3246;FEM;35;1;85258
3248;FEM;25;7;94115
3249;FEM;25;4;92648
3253;FEM;35;4;26505
3254;FEM;35;6;95843
3255;FEM;25;15;91902
3259;FEM;18;4;95616
3264;FEM;25;1;94536
3266;FEM;25;4;95616
3269;FEM;18;20;45220
3271;FEM;35;0;92704
3286;FEM;35;7;80013
3291;FEM;25;7;27516
3292;FEM;50;6;79410
3299;FEM;25;4;19119
3301;FEM;25;2;85719
3304;FEM;45;5;92649
3308;FEM;18;20;15701-1348
3312;FEM;18;4;90039
3319;FEM;56;13;92308
3322;FEM;18;4;68516
3325;FEM;35;14;39180
3330;FEM;35;1;47933
3331;FEM;25;7;06854
3342;FEM;25;5;92705
3343;FEM;18;4;79912
3347;FEM;35;7;91362
3349;FEM;18;4;92054
3350;FEM;18;0;20815
3351;FEM;18;5;92870
3358;FEM;25;1;91790
3360;FEM;25;0;92646
3362;FEM;25;0;90212
3363;FEM;35;9;04046
3382;FEM;1;10;55305
3385;FEM;25;9;32212
3388;FEM;25;1;92646
3390;FEM;45;20;02476
3406;FEM;25;7;85214
3407;FEM;45;5;60050
3413;FEM;25;17;92084
3417;FEM;18;2;14616
3418;FEM;18;3;22305
3420;FEM;25;7;48105
3429;FEM;25;7;94602
3430;FEM;45;1;15208
3431;FEM;45;6;48867
3437;FEM;25;0;37203
3438;FEM;25;0;78735
3441;FEM;25;14;94109
3443;FEM;35;17;48219
3445;FEM;35;20;92009
3448;FEM;18;3;60640
3451;FEM;25;11;94117
3455;FEM;25;0;07701
3462;FEM;25;4;73160
3464;FEM;25;14;78251
3473;FEM;35;16;02472
3477;FEM;50;1;10024
3483;FEM;45;7;30260
3486;FEM;18;0;98225
3497;FEM;35;2;94109
3501;FEM;35;7;30309
3502;FEM;18;7;80503
3505;FEM;25;15;55455
3510;FEM;18;4;02142
3518;FEM;18;7;11215
3519;FEM;25;14;11215
3524;FEM;25;0;83355
3525;FEM;18;4;02142
3529;FEM;45;1;97361
3531;FEM;25;11;55409
3532;FEM;35;14;10028
3539;FEM;25;4;77006
3544;FEM;25;4;92507
3549;FEM;35;7;60137
3551;FEM;56;0;98374
3552;FEM;35;2;02879
3560;FEM;25;6;74105
3562;FEM;25;6;32812
3569;FEM;18;2;48823
3574;FEM;35;6;33314
3577;FEM;56;0;00231
3580;FEM;18;3;32219
3582;FEM;35;0;52405
3583;FEM;25;9;41075
3589;FEM;45;0;80010
3590;FEM;18;15;02115
3592;FEM;56;2;99701
3593;FEM;25;9;53719
3596;FEM;35;4;19104
3601;FEM;35;3;95405
3603;FEM;35;7;78704
3604;FEM;1;10;02879
3606;FEM;25;15;02445
3608;FEM;35;9;02879
3609;FEM;25;17;48239
3627;FEM;35;1;85287
3629;FEM;50;7;10022
3642;FEM;25;7;98188
3644;FEM;25;11;53711
3649;FEM;25;0;94115
3655;FEM;25;7;94121
3656;FEM;45;5;34610
3658;FEM;25;7;07090
3663;FEM;35;9;17055
3664;FEM;35;1;94043
3667;FEM;1;10;10706
3668;FEM;45;7;33324
3676;FEM;35;12;48109
3677;FEM;25;12;06906
3680;FEM;25;1;94939
3682;FEM;50;1;10706
3687;FEM;50;1;62221
3699;FEM;56;3;30127
3704;FEM;35;0;04255
3707;FEM;18;0;34744
3713;FEM;25;7;22201
3743;FEM;35;7;89128
3745;FEM;25;9;49442
3749;FEM;25;0;60664
3750;FEM;18;4;94116
3751;FEM;35;12;55555
3752;FEM;18;1;86314
3755;FEM;50;14;08810
3758;FEM;35;5;02021
3765;FEM;50;3;34744
3766;FEM;18;1;45458
3770;FEM;35;3;50322
3776;FEM;25;4;50265
3779;FEM;45;2;98383
3781;FEM;56;11;54401
3782;FEM;25;0;94602
3784;FEM;25;1;98027
3785;FEM;25;20;93401
3786;FEM;25;0;94115
3787;FEM;25;0;94703
3788;FEM;18;0;94587
3789;FEM;25;0;94110
3790;FEM;25;17;94618
3794;FEM;18;4;53211
3795;FEM;18;4;91405
3803;FEM;35;9;19006
3805;FEM;35;1;89031
3807;FEM;35;19;32095
3816;FEM;25;3;90020
3829;FEM;25;1;22307
3831;FEM;18;6;84780
3832;FEM;25;7;43214
3836;FEM;50;8;84770
3838;FEM;25;14;10033
3840;FEM;25;0;02176
3842;FEM;35;16;92054
3843;FEM;1;10;32043
3856;FEM;35;20;93449
3858;FEM;45;9;63119
3865;FEM;1;10;95864
3873;FEM;45;2;94558
3891;FEM;56;16;90039
3895;FEM;35;0;20723
3900;FEM;25;14;55343
3907;FEM;18;14;22201
3915;FEM;35;3;71111
3917;FEM;35;9;60618
3927;FEM;25;16;67846
3933;FEM;35;6;48073
3936;FEM;35;12;01464
3943;FEM;35;7;98074
3944;FEM;35;16;80401
3945;FEM;45;1;96778
3946;FEM;25;12;22207
3948;FEM;45;12;61554
3951;FEM;18;4;60014
3952;FEM;45;1;12449
3959;FEM;45;1;03768
3960;FEM;35;14;55014
3962;FEM;56;0;98115
3967;FEM;18;2;13603
3970;FEM;25;2;02903
3971;FEM;18;4;80228
3972;FEM;25;6;23229
3975;FEM;25;5;43229
3976;FEM;25;0;44107
3979;FEM;50;9;59072
3981;FEM;45;0;97701
3987;FEM;18;4;01742
3988;FEM;25;14;60647
4001;FEM;25;1;01860
4015;FEM;45;3;75605
4018;FEM;45;20;75214
4023;FEM;35;9;32404
4025;FEM;56;6;77018
4027;FEM;25;7;12533
4029;FEM;56;3;21114
4043;FEM;25;15;94002
4044;FEM;35;3;95826
4048;FEM;35;1;89431
4063;FEM;35;1;29070
4065;FEM;45;5;48341
4077;FEM;35;2;22030
4085;FEM;25;6;79416
4086;FEM;1;10;55391
4092;FEM;25;0;19063
4107;FEM;25;0;23221
4110;FEM;45;7;41722
4123;FEM;25;4;46807
4134;FEM;45;12;85283
4143;FEM;25;5;60441
4145;FEM;50;1;78681
4147;FEM;50;7;02889
4148;FEM;35;7;55021
4158;FEM;1;10;90039
4159;FEM;50;9;01450
4162;FEM;25;14;23221
4165;FEM;25;14;94114
4166;FEM;25;7;75240
4168;FEM;45;6;37766
4173;FEM;18;11;29063
4174;FEM;35;3;20110
4178;FEM;50;16;08033
4179;FEM;35;20;94949
4181;FEM;25;7;33177
4187;FEM;56;20;63026
4191;FEM;45;15;55446
4195;FEM;56;13;95050
4197;FEM;45;1;18042
4199;FEM;25;9;32712
4201;FEM;25;0;65550
4205;FEM;25;15;87801
4206;FEM;35;1;22947
4208;FEM;35;0;90403
4214;FEM;25;0;20121
4222;FEM;45;17;55976
4223;FEM;35;17;60148
4224;FEM;45;1;48198
4225;FEM;25;3;48197
4226;FEM;35;6;76021
4231;FEM;50;18;20706
4232;FEM;35;20;75287
4234;FEM;45;3;48130
4236;FEM;25;3;07960
4246;FEM;35;7;48034
4249;FEM;18;17;65203
4250;FEM;50;0;33313
4252;FEM;35;3;28262
4256;FEM;1;2;78945
4261;FEM;35;6;07950
4262;FEM;35;6;06512
4268;FEM;45;20;04046
4274;FEM;45;1;04258
4275;FEM;45;16;14468
4276;FEM;45;0;96821
4278;FEM;45;7;09094
4283;FEM;25;9;98632
4288;FEM;25;9;46580
4293;FEM;45;9;55391
4298;FEM;18;14;85705
4299;FEM;25;2;43617
4300;FEM;18;4;98125
4305;FEM;45;17;27616
4313;FEM;25;7;07067
4317;FEM;35;14;60202
4322;FEM;50;6;75605
4326;FEM;45;13;94931
4329;FEM;25;14;78232
4330;FEM;45;6;85719
4332;FEM;25;3;60606
4336;FEM;25;0;40241
4338;FEM;18;5;46222
4340;FEM;25;17;76021
4345;FEM;25;14;44304
4347;FEM;18;20;77304
4357;FEM;35;9;83616
4360;FEM;25;9;98001
4365;FEM;50;16;46350
4371;FEM;18;4;63109
4375;FEM;25;5;40241
4376;FEM;25;5;27203
4380;FEM;25;1;37153
4383;FEM;18;4;93940
4387;FEM;18;4;63109
4391;FEM;18;4;43402
4398;FEM;18;4;43612
4399;FEM;18;4;43403
4400;FEM;18;4;43402
4402;FEM;18;14;43614
4408;FEM;45;2;19033
4418;FEM;50;0;02139
4419;FEM;45;12;15801
4430;FEM;25;0;94403
4434;FEM;35;7;60201
4437;FEM;35;5;47129
4444;FEM;25;12;80126
4452;FEM;25;7;78666
4456;FEM;35;2;49770
4458;FEM;25;4;15701-2017
4462;FEM;25;0;60156
4464;FEM;50;1;62052
4467;FEM;50;6;15333
4468;FEM;35;7;75601
4469;FEM;45;12;92037
4472;FEM;45;16;14424
4482;FEM;35;1;94044
4483;FEM;25;6;72703
4484;FEM;25;17;94613
4493;FEM;1;10;10025
4504;FEM;25;0;65775
4517;FEM;18;1;48067
4530;FEM;35;1;92103
4537;FEM;45;1;01379
4540;FEM;25;14;94301
4549;FEM;1;10;99016
4553;FEM;35;16;48237
4554;FEM;25;9;48306
4555;FEM;18;9;73008
4561;FEM;25;9;84037
4563;FEM;25;6;22903
4568;FEM;25;4;90034
4572;FEM;1;10;17036
4575;FEM;1;10;03608
4576;FEM;25;7;48237
4579;FEM;18;4;63332
4580;FEM;56;13;97113
4582;FEM;25;0;55408
4584;FEM;45;0;11372
4588;FEM;25;4;48042
4590;FEM;18;20;55104
4593;FEM;45;1;43202
4596;FEM;18;4;94611
4597;FEM;25;4;22207
4598;FEM;35;3;48237
4599;FEM;35;0;04287
4603;FEM;35;2;33619
4606;FEM;1;10;90291
4608;FEM;25;0;02144
4609;FEM;25;4;53951
4610;FEM;25;4;53951
4611;FEM;18;4;78705
4612;FEM;18;4;94702
4614;FEM;45;1;10469
4617;FEM;25;6;55433
4619;FEM;25;1;97225
4620;FEM;18;17;94606
4628;FEM;56;6;23225
4629;FEM;18;4;94309
4630;FEM;25;4;94610
4637;FEM;35;9;48302
4645;FEM;50;6;48094
4646;FEM;25;6;90405
4651;FEM;45;0;10036
4652;FEM;25;7;94115
4655;FEM;25;1;92037
4659;FEM;25;14;37076
4660;FEM;18;4;06074
4662;FEM;18;4;84109
4664;FEM;45;7;77006
4674;FEM;35;7;08318
4675;FEM;18;4;27514
4681;FEM;35;15;06119
4684;FEM;25;0;04473
4690;FEM;1;10;79605
4691;FEM;45;17;55419
4692;FEM;25;7;78703
4698;FEM;25;6;55417
4699;FEM;18;0;91765
4700;FEM;18;4;48109
4705;FEM;18;0;75115
4710;FEM;35;16;24450
4716;FEM;25;16;02465
4719;FEM;35;9;02816
4724;FEM;56;6;01852
4726;FEM;35;16;95828
4727;FEM;56;0;98801
4740;FEM;25;3;38134
4745;FEM;18;4;06268
4750;FEM;25;0;91107
4752;FEM;18;4;94121
4754;FEM;18;0;91107
4755;FEM;56;7;93060
4758;FEM;56;13;03261
4759;FEM;50;0;04259
4762;FEM;25;14;94110
4765;FEM;35;16;03301
4767;FEM;35;9;03769
4770;FEM;35;7;10012
4771;FEM;25;4;04101
4776;FEM;25;3;46227
4781;FEM;50;6;04086
4784;FEM;35;6;48105
4785;FEM;25;14;55104
4790;FEM;25;2;94133
4792;FEM;50;7;94123
4793;FEM;25;6;48108
4794;FEM;35;0;46142
4797;FEM;35;17;84067
4799;FEM;18;4;02809
4803;FEM;25;16;45750
4804;FEM;35;1;44107
4809;FEM;50;4;20902
4813;FEM;35;9;46077
4815;FEM;50;18;04849
4816;FEM;45;6;04240
4818;FEM;25;17;91007
4822;FEM;35;0;01545
4828;FEM;18;20;60194
4831;FEM;25;1;04210
4834;FEM;45;9;03862
4836;FEM;45;16;04074
4839;FEM;50;6;95014
4840;FEM;45;6;63135
4842;FEM;35;1;23062
4845;FEM;25;1;55413
4846;FEM;25;2;90066
4848;FEM;35;6;54971
4849;FEM;18;4;44515
4850;FEM;45;3;44555
4854;FEM;50;13;03851
4859;FEM;18;14;50401
4863;FEM;25;9;84037
4865;FEM;35;14;02130
4869;FEM;45;6;04578
4870;FEM;35;3;04108
4874;FEM;25;4;70808
4876;FEM;35;17;98201
4880;FEM;45;9;95030
4883;FEM;1;10;02906
4886;FEM;35;17;92509
4888;FEM;56;0;08055
4890;FEM;25;1;79928
4895;FEM;25;3;52001
4905;FEM;45;1;60417
4907;FEM;50;7;55082
4909;FEM;35;12;94014
4911;FEM;25;0;55421
4912;FEM;50;20;98115
4913;FEM;25;1;970025
4914;FEM;25;1;02453
4918;FEM;18;12;84107
4921;FEM;25;15;92507
4924;FEM;35;0;99801
4925;FEM;35;6;55401
4928;FEM;25;3;92103
4934;FEM;25;0;55108
4936;FEM;18;4;63144
4938;FEM;18;4;55406
4940;FEM;50;11;94102
4943;FEM;50;0;55401
4946;FEM;35;1;91106
4951;FEM;35;17;90291
4952;FEM;25;14;48067
4968;FEM;50;20;95404
4970;FEM;25;12;94526
4973;FEM;56;2;949702
4983;FEM;45;16;55116
4987;FEM;56;8;90210
4990;FEM;25;4;55407
4991;FEM;56;14;91791
4992;FEM;25;2;55106
4998;FEM;18;4;48433
4999;FEM;56;13;92407
5001;FEM;25;2;63119
5004;FEM;56;1;90402
5007;FEM;18;4;91030
5009;FEM;45;16;65441
5016;FEM;35;1;89447
5018;FEM;56;12;90290
5020;FEM;56;13;90241
5024;FEM;45;1;14618
5027;FEM;25;14;05345
5031;FEM;25;4;89431
5033;FEM;56;13;60506
5034;FEM;25;15;62901
5035;FEM;25;17;19810
5039;FEM;35;4;97068
5041;FEM;45;6;60031
5042;FEM;18;2;55408
5043;FEM;18;6;92145
5044;FEM;35;6;23507
5048;FEM;35;7;30350
5050;FEM;18;4;11024
5051;FEM;50;7;11771
5055;FEM;35;16;97330
5061;FEM;18;19;05070
5063;FEM;1;10;22801
5066;FEM;25;1;23603
5069;FEM;56;0;95062
5071;FEM;25;7;75093
5080;FEM;50;12;95472
5081;FEM;18;4;19102
5087;FEM;25;6;19102
5089;FEM;35;16;77027
5090;FEM;35;19;75069
5095;FEM;35;1;23508
5103;FEM;35;16;78222
5106;FEM;35;1;19348
5107;FEM;45;0;08081
5108;FEM;25;9;93940
5109;FEM;45;6;19802
5114;FEM;1;10;22932
5117;FEM;25;0;70118
5119;FEM;25;0;10011
5130;FEM;50;1;33149
5131;FEM;25;1;77707
5144;FEM;50;0;66762
5152;FEM;25;4;44406
5158;FEM;18;4;44509
5160;FEM;18;4;90066
5164;FEM;35;17;91107
5169;FEM;50;4;53562
5172;FEM;35;11;05602
5175;FEM;35;9;33445
5182;FEM;35;7;55441
5183;FEM;18;20;45202
5185;FEM;35;4;44485
5188;FEM;35;9;44406
5189;FEM;45;7;80304
5190;FEM;35;0;85024
5191;FEM;25;4;55455
5197;FEM;56;3;75001
5198;FEM;18;4;55118
5199;FEM;25;1;35243
5200;FEM;35;15;43065
5203;FEM;45;6;01545
5210;FEM;35;17;60618
5214;FEM;35;9;07452
5215;FEM;56;6;91941
5221;FEM;56;1;96734
5234;FEM;25;0;60657
5238;FEM;50;16;07462
5240;FEM;25;0;94104
5241;FEM;25;4;02138
5245;FEM;45;1;27615
5246;FEM;18;0;64030
5247;FEM;1;10;01915
5248;FEM;45;14;22206
5249;FEM;45;14;75006
5251;FEM;25;17;97330
5253;FEM;56;13;02838
5257;FEM;25;2;10019
5262;FEM;25;14;46220
5268;FEM;25;2;68502
5271;FEM;25;0;94110
5276;FEM;25;4;91740
5278;FEM;25;7;55122
5279;FEM;25;14;55418
5282;FEM;18;4;63146
5290;FEM;18;4;60613
5296;FEM;1;0;27245
5302;FEM;1;10;02332
5303;FEM;56;6;45504
5304;FEM;35;9;55410
5305;FEM;18;4;95602
5306;FEM;25;17;92121
5310;FEM;56;1;60605
5314;FEM;25;0;94107
5317;FEM;25;0;02138
5320;FEM;18;5;43201
5325;FEM;50;7;86001
5328;FEM;25;4;91740
5329;FEM;25;5;91773
5330;FEM;25;0;19143
5333;FEM;25;7;02332
5334;FEM;56;13;46140
5337;FEM;35;3;02725-1010
5340;FEM;50;3;95032
5341;FEM;25;3;85018
5342;FEM;35;7;22039
5343;FEM;25;9;60201
5344;FEM;50;1;98177
5345;FEM;25;17;80003
5346;FEM;25;3;97330
5349;FEM;50;2;97424
5351;FEM;45;1;85259
5352;FEM;35;5;55306
5354;FEM;45;3;78759
5357;FEM;18;20;60123
5361;FEM;50;16;92026
5364;FEM;25;3;55408
5368;FEM;25;17;20120
5377;FEM;18;3;10017
5384;FEM;25;3;94117
5387;FEM;25;1;45056
5388;FEM;18;4;10580
5400;FEM;18;4;30010
5401;FEM;18;1;20003
5402;FEM;25;0;30102
5405;FEM;50;7;12866
5406;FEM;35;0;49504
5407;FEM;35;17;30096
5410;FEM;45;2;21212
5411;FEM;1;19;14850
5415;FEM;25;7;03862
5416;FEM;25;5;01801
5418;FEM;25;0;53589
5419;FEM;18;12;05055
5420;FEM;1;19;14850
5423;FEM;50;5;60714
5424;FEM;35;2;80012
5428;FEM;25;6;28412
5429;FEM;25;1;02460
5430;FEM;45;1;26505
5433;FEM;35;17;45014
5434;FEM;25;7;60618
5440;FEM;45;2;37923
5444;FEM;18;4;55449
5446;FEM;50;1;65203
5451;FEM;25;1;98115
5455;FEM;18;17;55449
5458;FEM;18;2;98102
5459;FEM;1;10;99016
5465;FEM;25;0;10019
5476;FEM;35;0;20037
5480;FEM;25;14;07030
5483;FEM;25;6;15202
5494;FEM;35;17;94306
5495;FEM;18;4;95076
5498;FEM;50;1;62901
5499;FEM;25;19;60201
5500;FEM;35;20;14850
5503;FEM;25;9;55409
5505;FEM;25;4;02141
5506;FEM;18;14;60610
5512;FEM;25;17;01701
5514;FEM;1;10;76501
5516;FEM;50;16;98257
5521;FEM;25;6;02118
5524;FEM;1;10;26505
5525;FEM;1;10;55311
5526;FEM;35;2;27514
5530;FEM;18;4;63141
5533;FEM;50;2;10025
5537;FEM;56;1;10543
5539;FEM;25;20;91403
5545;FEM;35;16;98072
5547;FEM;18;4;10025
5548;FEM;18;4;02138
5549;FEM;50;9;76034
5551;FEM;35;20;98103
5560;FEM;35;17;98036
5561;FEM;25;3;74075
5562;FEM;35;1;54650
5563;FEM;25;7;11753
5569;FEM;18;1;07666
5571;FEM;25;9;07307
5572;FEM;25;4;63119
5573;FEM;35;1;14619
5578;FEM;18;1;02109
5579;FEM;35;7;07039
5584;FEM;50;0;10016
5588;FEM;25;20;60640
5589;FEM;25;0;04101
5590;FEM;45;12;94117
5594;FEM;45;0;55419
5597;FEM;18;4;95008
5600;FEM;45;0;12833-2000
5605;FEM;18;2;95008
5606;FEM;25;14;21046
5609;FEM;50;1;30602
5610;FEM;25;1;54880
5611;FEM;35;7;04015
5612;FEM;25;1;02148
5613;FEM;35;0;98622
5618;FEM;18;4;92612
5619;FEM;18;4;22310
5632;FEM;18;4;78628
5635;FEM;35;9;06854
5639;FEM;18;4;62025
5641;FEM;25;17;48473
5643;FEM;35;1;84108
5644;FEM;18;4;92833
5649;FEM;18;4;90025
5650;FEM;35;12;91104
5651;FEM;25;6;74105
5655;FEM;25;6;77054
5661;FEM;25;15;03255
5663;FEM;35;20;75093
5668;FEM;25;3;41030
5672;FEM;25;4;43212
5673;FEM;35;1;55417
5681;FEM;25;7;92122
5683;FEM;18;9;94538
5687;FEM;1;0;55403
5688;FEM;18;4;78666
5692;FEM;25;7;29615
5693;FEM;25;4;90034
5694;FEM;25;12;90640
5695;FEM;35;3;21221
5696;FEM;25;14;97367
5700;FEM;18;14;55426
5704;FEM;18;4;90024
5705;FEM;18;4;90024
5713;FEM;50;7;91362
5718;FEM;35;14;38018
5728;FEM;35;20;09824
5731;FEM;25;11;10022
5732;FEM;25;11;02111
5734;FEM;25;14;10022
5742;FEM;25;12;20850
5743;FEM;35;0;55442
5744;FEM;25;4;66044
5745;FEM;18;4;90024
5751;FEM;1;0;14167
5752;FEM;56;0;14850
5754;FEM;18;1;60640
5755;FEM;35;2;78744
5756;FEM;1;10;98110
5758;FEM;50;1;29642
5759;FEM;25;1;08904
5762;FEM;35;6;55125
5763;FEM;25;1;08904
5764;FEM;50;12;77098
5768;FEM;1;7;20852
5782;FEM;35;0;55459
5783;FEM;45;1;92106
5785;FEM;25;7;60607
5790;FEM;35;0;55303
5796;FEM;25;7;10003
5802;FEM;25;0;98105
5804;FEM;35;7;94306
5805;FEM;25;0;90802
5806;FEM;50;1;08826
5808;FEM;25;7;37206
5812;FEM;25;7;92120
5822;FEM;35;4;78212
5825;FEM;25;4;43201
5829;FEM;25;4;78223
5830;FEM;18;4;78209
5832;FEM;25;0;78240
5833;FEM;35;0;78253
5835;FEM;35;0;55406
5838;FEM;45;7;02038
5840;FEM;1;0;44260
5841;FEM;35;7;10024
5844;FEM;1;10;02131
5845;FEM;25;3;79411
5847;FEM;18;4;02464
5850;FEM;25;7;78230
5851;FEM;18;20;55410
5852;FEM;25;1;94044
5856;FEM;25;7;78232
5857;FEM;45;2;43229
5860;FEM;25;4;91428
5861;FEM;50;1;98499
5862;FEM;25;9;76120
5863;FEM;25;14;89511
5864;FEM;50;1;28043
5866;FEM;25;6;06114
5867;FEM;45;3;91306
5869;FEM;25;7;19103
5871;FEM;25;4;01002
5878;FEM;25;0;60640
5883;FEM;18;0;02138
5887;FEM;35;20;61821
5898;FEM;18;0;02143
5901;FEM;35;7;92075
5904;FEM;45;12;954025
5905;FEM;35;20;78006
5906;FEM;18;4;19803
5910;FEM;45;20;10033
5911;FEM;25;17;80301
5913;FEM;18;0;47901
5917;FEM;50;1;94550
5920;FEM;25;1;05401
5925;FEM;25;0;90035-4444
5926;FEM;50;7;65712
5929;FEM;35;0;33607
5930;FEM;35;17;78681
5931;FEM;18;7;94111
5939;FEM;45;15;77040
5941;FEM;25;0;60640
5943;FEM;45;1;19806
5944;FEM;18;10;27606
5945;FEM;35;2;35229
5946;FEM;56;1;55406
5947;FEM;45;16;97215
5952;FEM;45;1;78231
5955;FEM;25;7;34952
5956;FEM;18;4;02142
5959;FEM;18;4;14850
5960;FEM;45;0;70460
5961;FEM;45;0;78757
5966;FEM;35;9;10021
5972;FEM;25;20;55428
5974;FEM;25;1;32303
5976;FEM;25;1;26542
5985;FEM;18;4;78705-5221
5986;FEM;56;1;01060
5989;FEM;1;10;74114
5990;FEM;25;20;90046
5991;FEM;35;20;94025
5992;FEM;18;4;21046
5993;FEM;50;20;50010
5995;FEM;35;1;14618
5996;FEM;25;0;87114
5997;FEM;25;7;10016
5999;FEM;25;1;55455
6001;FEM;25;7;94117
6003;FEM;45;17;78722
6004;FEM;25;15;28401
6005;FEM;25;5;28401
6006;FEM;1;0;01036
6009;FEM;25;12;60540
6013;FEM;25;20;32301
6015;FEM;25;9;80013
6017;FEM;35;7;21117
6025;FEM;25;1;32607
6029;FEM;25;1;23185
6031;FEM;18;0;45123
6035;FEM;25;1;78734
6036;FEM;25;15;32603
6037;FEM;45;1;76006
6038;FEM;56;1;14706
6039;FEM;45;0;01060
